Time (UTCG),Semi-major Axis (km),Apogee Altitude (km),Period (sec),,,
00:00.0,6678.14,300.003,5431.181,0,0,0
01:00.0,6678.067517,300.61049,5431.092,60,0.000694444,1.90129E-06
02:00.0,6677.906481,301.128766,5430.896,120,0.001388889,3.80257E-06
03:00.0,6677.658127,301.555246,5430.593,180,0.002083333,5.70386E-06
04:00.0,6677.324809,301.887799,5430.186,240,0.002777778,7.60514E-06
05:00.0,6676.911622,302.126446,5429.682,300,0.003472222,9.50643E-06
06:00.0,6676.425948,302.273467,5429.09,360,0.004166667,1.14077E-05
07:00.0,6675.875867,302.331961,5428.419,420,0.004861111,1.3309E-05
08:00.0,6675.270035,302.305209,5427.68,480,0.005555556,1.52103E-05
09:00.0,6674.619175,302.197821,5426.886,540,0.00625,1.71116E-05
10:00.0,6673.936544,302.016802,5426.054,600,0.006944444,1.90129E-05
11:00.0,6673.236006,301.770629,5425.199,660,0.007638889,2.09141E-05
12:00.0,6672.529812,301.467157,5424.338,720,0.008333333,2.28154E-05
13:00.0,6671.828841,301.112856,5423.484,780,0.009027778,2.47167E-05
14:00.0,6671.144842,300.714196,5422.65,840,0.009722222,2.6618E-05
15:00.0,6670.491549,300.279387,5421.853,900,0.010416667,2.85193E-05
16:00.0,6669.883061,299.818385,5421.111,960,0.011111111,3.04206E-05
17:00.0,6669.331297,299.341372,5420.438,1020,0.011805556,3.23218E-05
18:00.0,6668.84524,298.857584,5419.846,1080,0.0125,3.42231E-05
19:00.0,6668.432173,298.375674,5419.342,1140,0.013194444,3.61244E-05
20:00.0,6668.098806,297.90487,5418.936,1200,0.013888889,3.80257E-05
21:00.0,6667.850842,297.455592,5418.634,1260,0.014583333,3.9927E-05
22:00.0,6667.69187,297.039293,5418.44,1320,0.015277778,4.18283E-05
23:00.0,6667.623325,296.66867,5418.356,1380,0.015972222,4.37296E-05
24:00.0,6667.645747,296.359213,5418.384,1440,0.016666667,4.56308E-05
25:00.0,6667.759771,296.131669,5418.523,1500,0.017361111,4.75321E-05
26:00.0,6667.965428,296.0136,5418.773,1560,0.018055556,4.94334E-05
27:00.0,6668.260265,296.03829,5419.133,1620,0.01875,5.13347E-05
28:00.0,6668.638228,296.240321,5419.594,1680,0.019444444,5.3236E-05
29:00.0,6669.090371,296.648471,5420.145,1740,0.020138889,5.51373E-05
30:00.0,6669.606362,297.277574,5420.774,1800,0.020833333,5.70386E-05
31:00.0,6670.174933,298.121856,5421.467,1860,0.021527778,5.89398E-05
32:00.0,6670.783137,299.153045,5422.209,1920,0.022222222,6.08411E-05
33:00.0,6671.416329,300.325947,5422.981,1980,0.022916667,6.27424E-05
34:00.0,6672.060086,301.590168,5423.765,2040,0.023611111,6.46437E-05
35:00.0,6672.702478,302.90118,5424.549,2100,0.024305556,6.6545E-05
36:00.0,6673.333968,304.223433,5425.319,2160,0.025,6.84463E-05
37:00.0,6673.944815,305.525492,5426.064,2220,0.025694444,7.03476E-05
38:00.0,6674.523092,306.774855,5426.769,2280,0.026388889,7.22488E-05
39:00.0,6675.05569,307.938789,5427.419,2340,0.027083333,7.41501E-05
40:00.0,6675.530711,308.988611,5427.998,2400,0.027777778,7.60514E-05
41:00.0,6675.937829,309.900235,5428.495,2460,0.028472222,7.79527E-05
42:00.0,6676.26619,310.649651,5428.895,2520,0.029166667,7.9854E-05
43:00.0,6676.503337,311.210254,5429.184,2580,0.029861111,8.17553E-05
44:00.0,6676.637946,311.55788,5429.349,2640,0.030555556,8.36566E-05
45:00.0,6676.664472,311.67999,5429.381,2700,0.03125,8.55578E-05
46:00.0,6676.585052,311.579604,5429.284,2760,0.031944444,8.74591E-05
47:00.0,6676.406664,311.269782,5429.066,2820,0.032638889,8.93604E-05
48:00.0,6676.136377,310.764114,5428.737,2880,0.033333333,9.12617E-05
49:00.0,6675.779019,310.071965,5428.301,2940,0.034027778,9.3163E-05
50:00.0,6675.338694,309.201458,5427.764,3000,0.034722222,9.50643E-05
51:00.0,6674.821757,308.165517,5427.133,3060,0.035416667,9.69655E-05
52:00.0,6674.238291,306.985022,5426.422,3120,0.036111111,9.88668E-05
53:00.0,6673.600595,305.686024,5425.644,3180,0.036805556,0.000100768
54:00.0,6672.920778,304.295233,5424.815,3240,0.0375,0.000102669
55:00.0,6672.210032,302.83909,5423.948,3300,0.038194444,0.000104571
56:00.0,6671.480254,301.347782,5423.058,3360,0.038888889,0.000106472
57:00.0,6670.745907,299.8599,5422.163,3420,0.039583333,0.000108373
58:00.0,6670.023396,298.421878,5421.282,3480,0.040277778,0.000110275
59:00.0,6669.327822,297.081798,5420.434,3540,0.040972222,0.000112176
00:00.0,6668.670245,295.883709,5419.633,3600,0.041666667,0.000114077
01:00.0,6668.058417,294.867261,5418.887,3660,0.042361111,0.000115978
02:00.0,6667.500248,294.068131,5418.206,3720,0.043055556,0.00011788
03:00.0,6667.006307,293.510482,5417.604,3780,0.04375,0.000119781
04:00.0,6666.588797,293.19438,5417.095,3840,0.044444444,0.000121682
05:00.0,6666.258234,293.093157,5416.692,3900,0.045138889,0.000123584
06:00.0,6666.021022,293.165356,5416.403,3960,0.045833333,0.000125485
07:00.0,6665.87962,293.369587,5416.231,4020,0.046527778,0.000127386
08:00.0,6665.834368,293.672418,5416.176,4080,0.047222222,0.000129287
09:00.0,6665.884995,294.049155,5416.238,4140,0.047916667,0.000131189
10:00.0,6666.030699,294.481252,5416.415,4200,0.048611111,0.00013309
11:00.0,6666.269031,294.953373,5416.706,4260,0.049305556,0.000134991
12:00.0,6666.594809,295.451648,5417.103,4320,0.05,0.000136893
13:00.0,6667.000197,295.963419,5417.597,4380,0.050694444,0.000138794
14:00.0,6667.475955,296.477655,5418.177,4440,0.051388889,0.000140695
15:00.0,6668.012516,296.984824,5418.831,4500,0.052083333,0.000142596
16:00.0,6668.599769,297.475878,5419.547,4560,0.052777778,0.000144498
17:00.0,6669.226174,297.941327,5420.31,4620,0.053472222,0.000146399
18:00.0,6669.878793,298.371354,5421.106,4680,0.054166667,0.0001483
19:00.0,6670.544346,298.756452,5421.917,4740,0.054861111,0.000150202
20:00.0,6671.209643,299.087316,5422.729,4800,0.055555556,0.000152103
21:00.0,6671.860804,299.354138,5423.522,4860,0.05625,0.000154004
22:00.0,6672.483114,299.547081,5424.281,4920,0.056944444,0.000155905
23:00.0,6673.063214,299.658528,5424.989,4980,0.057638889,0.000157807
24:00.0,6673.59166,299.684589,5425.633,5040,0.058333333,0.000159708
25:00.0,6674.062101,299.623018,5426.207,5100,0.059027778,0.000161609
26:00.0,6674.466995,299.468876,5426.701,5160,0.059722222,0.000163511
27:00.0,6674.794589,299.212961,5427.1,5220,0.060416667,0.000165412
28:00.0,6675.031455,298.846297,5427.389,5280,0.061111111,0.000167313
29:00.0,6675.167856,298.368176,5427.555,5340,0.061805556,0.000169214
30:00.0,6675.200463,297.802404,5427.595,5400,0.0625,0.000171116
31:00.0,6675.130437,297.368167,5427.51,5460,0.063194444,0.000173017
32:00.0,6674.960707,297.60253,5427.303,5520,0.063888889,0.000174918
33:00.0,6674.696296,297.956979,5426.98,5580,0.064583333,0.00017682
34:00.0,6674.346121,298.248535,5426.553,5640,0.065277778,0.000178721
35:00.0,6673.922141,298.463046,5426.036,5700,0.065972222,0.000180622
36:00.0,6673.43551,298.602457,5425.443,5760,0.066666667,0.000182523
37:00.0,6672.893956,298.669321,5424.782,5820,0.067361111,0.000184425
38:00.0,6672.303324,298.664721,5424.062,5880,0.068055556,0.000186326
39:00.0,6671.671054,298.590266,5423.291,5940,0.06875,0.000188227
40:00.0,6671.007422,298.449747,5422.482,6000,0.069444444,0.000190129
41:00.0,6670.323777,298.248475,5421.648,6060,0.070138889,0.00019203
42:00.0,6669.630753,297.991699,5420.804,6120,0.070833333,0.000193931
43:00.0,6668.93869,297.684292,5419.96,6180,0.071527778,0.000195832
44:00.0,6668.259173,297.331813,5419.131,6240,0.072222222,0.000197734
45:00.0,6667.605345,296.941386,5418.334,6300,0.072916667,0.000199635
46:00.0,6666.990595,296.521428,5417.585,6360,0.073611111,0.000201536
47:00.0,6666.427143,296.080791,5416.898,6420,0.074305556,0.000203438
48:00.0,6665.925719,295.628361,5416.287,6480,0.075,0.000205339
49:00.0,6665.495936,295.173348,5415.763,6540,0.075694444,0.00020724
50:00.0,6665.146257,294.725697,5415.337,6600,0.076388889,0.000209141
51:00.0,6664.883225,294.296112,5415.017,6660,0.077083333,0.000211043
52:00.0,6664.710736,293.89583,5414.806,6720,0.077777778,0.000212944
53:00.0,6664.630265,293.536861,5414.708,6780,0.078472222,0.000214845
54:00.0,6664.641985,293.233296,5414.723,6840,0.079166667,0.000216747
55:00.0,6664.745445,293.003256,5414.849,6900,0.079861111,0.000218648
56:00.0,6664.938757,292.870057,5415.084,6960,0.080555556,0.000220549
57:00.0,6665.217068,292.861239,5415.424,7020,0.08125,0.00022245
58:00.0,6665.572564,293.005758,5415.857,7080,0.081944444,0.000224352
59:00.0,6665.996733,293.330826,5416.374,7140,0.082638889,0.000226253
00:00.0,6666.482413,293.85817,5416.966,7200,0.083333333,0.000228154
01:00.0,6667.022656,294.596877,5417.624,7260,0.084027778,0.000230056
02:00.0,6667.607239,295.533724,5418.337,7320,0.084722222,0.000231957
03:00.0,6668.221196,296.630385,5419.085,7380,0.085416667,0.000233858
04:00.0,6668.847846,297.834497,5419.849,7440,0.086111111,0.000235759
05:00.0,6669.473189,299.096338,5420.611,7500,0.086805556,0.000237661
06:00.0,6670.086707,300.376332,5421.359,7560,0.0875,0.000239562
07:00.0,6670.678281,301.64054,5422.081,7620,0.088194444,0.000241463
08:00.0,6671.235956,302.855035,5422.761,7680,0.088888889,0.000243365
09:00.0,6671.747712,303.98804,5423.385,7740,0.089583333,0.000245266
10:00.0,6672.204549,305.015608,5423.942,7800,0.090277778,0.000247167
11:00.0,6672.60026,305.921154,5424.424,7860,0.090972222,0.000249068
12:00.0,6672.927962,306.68822,5424.824,7920,0.091666667,0.00025097
13:00.0,6673.177974,307.295585,5425.129,7980,0.092361111,0.000252871
14:00.0,6673.339751,307.720576,5425.326,8040,0.093055556,0.000254772
15:00.0,6673.405251,307.945637,5425.406,8100,0.09375,0.000256674
16:00.0,6673.369909,307.96032,5425.363,8160,0.094444444,0.000258575
17:00.0,6673.231509,307.759005,5425.194,8220,0.095138889,0.000260476
18:00.0,6672.990243,307.340933,5424.9,8280,0.095833333,0.000262377
19:00.0,6672.650846,306.714464,5424.486,8340,0.096527778,0.000264279
20:00.0,6672.223599,305.8993,5423.965,8400,0.097222222,0.00026618
21:00.0,6671.721537,304.92111,5423.353,8460,0.097916667,0.000268081
22:00.0,6671.155911,303.80255,5422.663,8520,0.098611111,0.000269983
23:00.0,6670.534558,302.560011,5421.905,8580,0.099305556,0.000271884
24:00.0,6669.864779,301.209612,5421.089,8640,0.1,0.000273785
25:00.0,6669.157932,299.776941,5420.227,8700,0.100694444,0.000275686
26:00.0,6668.430721,298.300282,5419.341,8760,0.101388889,0.000277588
27:00.0,6667.701689,296.824158,5418.452,8820,0.102083333,0.000279489
28:00.0,6666.986034,295.389543,5417.58,8880,0.102777778,0.00028139
29:00.0,6666.293476,294.03074,5416.735,8940,0.103472222,0.000283292
30:00.0,6665.631143,292.782797,5415.928,9000,0.104166667,0.000285193
31:00.0,6665.008614,291.691356,5415.169,9060,0.104861111,0.000287094
32:00.0,6664.439957,290.80989,5414.476,9120,0.105555556,0.000288995
33:00.0,6663.940373,290.178353,5413.868,9180,0.10625,0.000290897
34:00.0,6663.520652,289.800556,5413.356,9240,0.106944444,0.000292798
35:00.0,6663.18504,289.64535,5412.947,9300,0.107638889,0.000294699
36:00.0,6662.934495,289.668818,5412.642,9360,0.108333333,0.000296601
37:00.0,6662.771464,289.832731,5412.443,9420,0.109027778,0.000298502
38:00.0,6662.701028,290.108123,5412.357,9480,0.109722222,0.000300403
39:00.0,6662.727722,290.471158,5412.39,9540,0.110416667,0.000302304
40:00.0,6662.851981,290.900179,5412.541,9600,0.111111111,0.000304206
41:00.0,6663.069702,291.376039,5412.807,9660,0.111805556,0.000306107
42:00.0,6663.374357,291.883241,5413.178,9720,0.1125,0.000308008
43:00.0,6663.758807,292.409648,5413.646,9780,0.113194444,0.000309909
44:00.0,6664.215455,292.945015,5414.203,9840,0.113888889,0.000311811
45:00.0,6664.735598,293.479644,5414.837,9900,0.114583333,0.000313712
46:00.0,6665.309077,294.003786,5415.536,9960,0.115277778,0.000315613
47:00.0,6665.924332,294.507491,5416.286,10020,0.115972222,0.000317515
48:00.0,6666.56869,294.980728,5417.071,10080,0.116666667,0.000319416
49:00.0,6667.229007,295.413759,5417.876,10140,0.117361111,0.000321317
50:00.0,6667.892313,295.79732,5418.684,10200,0.118055556,0.000323218
51:00.0,6668.545664,296.122034,5419.481,10260,0.11875,0.00032512
52:00.0,6669.175266,296.377553,5420.248,10320,0.119444444,0.000327021
53:00.0,6669.76635,296.552902,5420.969,10380,0.120138889,0.000328922
54:00.0,6670.304847,296.63844,5421.625,10440,0.120833333,0.000330824
55:00.0,6670.779563,296.627763,5422.204,10500,0.121527778,0.000332725
56:00.0,6671.182612,296.517538,5422.696,10560,0.122222222,0.000334626
57:00.0,6671.507837,296.30579,5423.092,10620,0.122916667,0.000336527
58:00.0,6671.749553,295.991537,5423.387,10680,0.123611111,0.000338429
59:00.0,6671.903156,295.577695,5423.574,10740,0.124305556,0.00034033
00:00.0,6671.966072,295.078471,5423.651,10800,0.125,0.000342231
01:00.0,6671.937259,294.551945,5423.616,10860,0.125694444,0.000344133
02:00.0,6671.815243,294.268018,5423.467,10920,0.126388889,0.000346034
03:00.0,6671.5974,294.435907,5423.201,10980,0.127083333,0.000347935
04:00.0,6671.282059,294.695526,5422.817,11040,0.127777778,0.000349836
05:00.0,6670.871881,294.904707,5422.317,11100,0.128472222,0.000351738
06:00.0,6670.375618,295.03715,5421.712,11160,0.129166667,0.000353639
07:00.0,6669.807073,295.090695,5421.018,11220,0.129861111,0.00035554
08:00.0,6669.182456,295.070496,5420.257,11280,0.130555556,0.000357442
09:00.0,6668.517854,294.98378,5419.447,11340,0.13125,0.000359343
10:00.0,6667.827722,294.837574,5418.606,11400,0.131944444,0.000361244
11:00.0,6667.124529,294.637894,5417.748,11460,0.132638889,0.000363145
12:00.0,6666.419466,294.389962,5416.889,11520,0.133333333,0.000365047
13:00.0,6665.723632,294.099018,5416.041,11580,0.134027778,0.000366948
14:00.0,6665.048675,293.771053,5415.218,11640,0.134722222,0.000368849
15:00.0,6664.406237,293.412863,5414.435,11700,0.135416667,0.000370751
16:00.0,6663.806611,293.031378,5413.705,11760,0.136111111,0.000372652
17:00.0,6663.257838,292.632846,5413.036,11820,0.136805556,0.000374553
18:00.0,6662.766158,292.222578,5412.437,11880,0.1375,0.000376454
19:00.0,6662.337609,291.805613,5411.915,11940,0.138194444,0.000378356
20:00.0,6661.979557,291.388081,5411.478,12000,0.138888889,0.000380257
21:00.0,6661.700771,290.978492,5411.139,12060,0.139583333,0.000382158
22:00.0,6661.509714,290.588194,5410.906,12120,0.140277778,0.00038406
23:00.0,6661.41226,290.230955,5410.787,12180,0.140972222,0.000385961
24:00.0,6661.410531,289.922438,5410.785,12240,0.141666667,0.000387862
25:00.0,6661.503292,289.68049,5410.898,12300,0.142361111,0.000389763
26:00.0,6661.68685,289.526157,5411.122,12360,0.143055556,0.000391665
27:00.0,6661.955575,289.484489,5411.449,12420,0.14375,0.000393566
28:00.0,6662.302491,289.584317,5411.872,12480,0.144444444,0.000395467
29:00.0,6662.720406,289.856523,5412.381,12540,0.145138889,0.000397369
30:00.0,6663.202407,290.329128,5412.968,12600,0.145833333,0.00039927
31:00.0,6663.740239,291.016972,5413.624,12660,0.146527778,0.000401171
32:00.0,6664.321738,291.909525,5414.332,12720,0.147222222,0.000403072
33:00.0,6664.930838,292.968577,5415.075,12780,0.147916667,0.000404974
34:00.0,6665.551464,294.142005,5415.831,12840,0.148611111,0.000406875
35:00.0,6666.171589,295.382138,5416.587,12900,0.149305556,0.000408776
36:00.0,6666.782672,296.652049,5417.332,12960,0.15,0.000410678
37:00.0,6667.374965,297.918009,5418.054,13020,0.150694444,0.000412579
38:00.0,6667.93436,299.141528,5418.736,13080,0.151388889,0.00041448
39:00.0,6668.444618,300.281894,5419.358,13140,0.152083333,0.000416381
40:00.0,6668.892272,301.305306,5419.903,13200,0.152777778,0.000418283
41:00.0,6669.26875,302.189285,5420.362,13260,0.153472222,0.000420184
42:00.0,6669.568497,302.918929,5420.728,13320,0.154166667,0.000422085
43:00.0,6669.786676,303.481886,5420.994,13380,0.154861111,0.000423987
44:00.0,6669.919213,303.867961,5421.155,13440,0.155555556,0.000425888
45:00.0,6669.96386,304.070989,5421.21,13500,0.15625,0.000427789
46:00.0,6669.919841,304.088084,5421.156,13560,0.156944444,0.00042969
47:00.0,6669.786513,303.916861,5420.993,13620,0.157638889,0.000431592
48:00.0,6669.563194,303.554954,5420.721,13680,0.158333333,0.000433493
49:00.0,6669.25054,303.002689,5420.34,13740,0.159027778,0.000435394
50:00.0,6668.851728,302.2655,5419.854,13800,0.159722222,0.000437296
51:00.0,6668.372498,301.354116,5419.27,13860,0.160416667,0.000439197
52:00.0,6667.820901,300.284171,5418.597,13920,0.161111111,0.000441098
53:00.0,6667.207607,299.077006,5417.85,13980,0.161805556,0.000442999
54:00.0,6666.545365,297.758882,5417.042,14040,0.1625,0.000444901
55:00.0,6665.847782,296.358884,5416.192,14100,0.163194444,0.000446802
56:00.0,6665.128137,294.907048,5415.315,14160,0.163888889,0.000448703
57:00.0,6664.399453,293.435226,5414.427,14220,0.164583333,0.000450605
58:00.0,6663.675181,291.97955,5413.544,14280,0.165277778,0.000452506
59:00.0,6662.96922,290.581764,5412.684,14340,0.165972222,0.000454407
00:00.0,6662.295337,289.2892,5411.863,14400,0.166666667,0.000456308
01:00.0,6661.666831,288.153789,5411.097,14460,0.167361111,0.00045821
02:00.0,6661.096157,287.226632,5410.402,14520,0.168055556,0.000460111
03:00.0,6660.593636,286.54435,5409.79,14580,0.16875,0.000462012
04:00.0,6660.166149,286.114478,5409.269,14640,0.169444444,0.000463914
05:00.0,6659.818118,285.915325,5408.845,14700,0.170138889,0.000465815
06:00.0,6659.554599,285.910793,5408.524,14760,0.170833333,0.000467716
07:00.0,6659.38278,286.063764,5408.315,14820,0.171527778,0.000469617
08:00.0,6659.309195,286.33987,5408.225,14880,0.172222222,0.000471519
09:00.0,6659.335278,286.707503,5408.257,14940,0.172916667,0.00047342
10:00.0,6659.45652,287.139809,5408.404,15000,0.173611111,0.000475321
11:00.0,6659.666265,287.61747,5408.66,15060,0.174305556,0.000477223
12:00.0,6659.959507,288.128311,5409.017,15120,0.175,0.000479124
13:00.0,6660.332479,288.663269,5409.472,15180,0.175694444,0.000481025
14:00.0,6660.779389,289.212473,5410.016,15240,0.176388889,0.000482926
15:00.0,6661.290801,289.764627,5410.639,15300,0.177083333,0.000484828
16:00.0,6661.855156,290.30878,5411.327,15360,0.177777778,0.000486729
17:00.0,6662.460812,290.835374,5412.065,15420,0.178472222,0.00048863
18:00.0,6663.096167,291.335392,5412.839,15480,0.179166667,0.000490532
19:00.0,6663.748666,291.799192,5413.634,15540,0.179861111,0.000492433
20:00.0,6664.404755,292.216648,5414.434,15600,0.180555556,0.000494334
21:00.0,6665.050982,292.578118,5415.221,15660,0.18125,0.000496235
22:00.0,6665.674813,292.874822,5415.981,15720,0.181944444,0.000498137
23:00.0,6666.26441,293.098259,5416.7,15780,0.182638889,0.000500038
24:00.0,6666.807938,293.239513,5417.362,15840,0.183333333,0.000501939
25:00.0,6667.293299,293.289236,5417.954,15900,0.184027778,0.000503841
26:00.0,6667.708679,293.238584,5418.46,15960,0.184722222,0.000505742
27:00.0,6668.043818,293.080955,5418.869,16020,0.185416667,0.000507643
28:00.0,6668.291313,292.813873,5419.171,16080,0.186111111,0.000509544
29:00.0,6668.447107,292.440683,5419.361,16140,0.186805556,0.000511446
30:00.0,6668.509186,291.973001,5419.436,16200,0.1875,0.000513347
31:00.0,6668.476615,291.444997,5419.397,16260,0.188194444,0.000515248
32:00.0,6668.350033,290.977959,5419.242,16320,0.188888889,0.00051715
33:00.0,6668.132717,290.835959,5418.977,16380,0.189583333,0.000519051
34:00.0,6667.829806,290.965347,5418.608,16440,0.190277778,0.000520952
35:00.0,6667.445664,291.136153,5418.14,16500,0.190972222,0.000522853
36:00.0,6666.982839,291.266739,5417.576,16560,0.191666667,0.000524755
37:00.0,6666.445005,291.332596,5416.92,16620,0.192361111,0.000526656
38:00.0,6665.841033,291.327339,5416.184,16680,0.193055556,0.000528557
39:00.0,6665.185143,291.253744,5415.385,16740,0.19375,0.000530459
40:00.0,6664.492593,291.118249,5414.541,16800,0.194444444,0.00053236
41:00.0,6663.776025,290.926573,5413.667,16860,0.195138889,0.000534261
42:00.0,6663.04659,290.682861,5412.779,16920,0.195833333,0.000536162
43:00.0,6662.317662,290.391884,5411.89,16980,0.196527778,0.000538064
44:00.0,6661.605873,290.060908,5411.023,17040,0.197222222,0.000539965
45:00.0,6660.928097,289.698944,5410.197,17100,0.197916667,0.000541866
46:00.0,6660.298126,289.314621,5409.43,17160,0.198611111,0.000543768
47:00.0,6659.726395,288.915145,5408.733,17220,0.199305556,0.000545669
48:00.0,6659.22181,288.507047,5408.119,17280,0.2,0.00054757
49:00.0,6658.792753,288.097362,5407.596,17340,0.200694444,0.000549471
50:00.0,6658.446216,287.694012,5407.174,17400,0.201388889,0.000551373
51:00.0,6658.186411,287.305374,5406.857,17460,0.202083333,0.000553274
52:00.0,6658.014238,286.939708,5406.648,17520,0.202777778,0.000555175
53:00.0,6657.928201,286.605081,5406.543,17580,0.203472222,0.000557077
54:00.0,6657.926632,286.310532,5406.541,17640,0.204166667,0.000558978
55:00.0,6658.00992,286.068927,5406.642,17700,0.204861111,0.000560879
56:00.0,6658.180374,285.900327,5406.85,17760,0.205555556,0.00056278
57:00.0,6658.438821,285.833171,5407.165,17820,0.20625,0.000564682
58:00.0,6658.780832,285.901376,5407.581,17880,0.206944444,0.000566583
59:00.0,6659.196643,286.138394,5408.088,17940,0.207638889,0.000568484
00:00.0,6659.674845,286.570951,5408.67,18000,0.208333333,0.000570386
01:00.0,6660.205413,287.213237,5409.317,18060,0.209027778,0.000572287
02:00.0,6660.778965,288.060724,5410.016,18120,0.209722222,0.000574188
03:00.0,6661.384405,289.086805,5410.753,18180,0.210416667,0.000576089
04:00.0,6662.008744,290.248231,5411.514,18240,0.211111111,0.000577991
05:00.0,6662.638956,291.496889,5412.282,18300,0.211805556,0.000579892
06:00.0,6663.262605,292.787565,5413.042,18360,0.2125,0.000581793
07:00.0,6663.866517,294.077819,5413.778,18420,0.213194444,0.000583695
08:00.0,6664.436232,295.326578,5414.472,18480,0.213888889,0.000585596
09:00.0,6664.957651,296.496417,5415.107,18540,0.214583333,0.000587497
10:00.0,6665.41848,297.555872,5415.669,18600,0.215277778,0.000589398
11:00.0,6665.807695,298.47787,5416.143,18660,0.215972222,0.0005913
12:00.0,6666.115244,299.238439,5416.518,18720,0.216666667,0.000593201
13:00.0,6666.334311,299.8207,5416.785,18780,0.217361111,0.000595102
14:00.0,6666.463563,300.219339,5416.943,18840,0.218055556,0.000597004
15:00.0,6666.504979,300.436513,5416.993,18900,0.21875,0.000598905
16:00.0,6666.458593,300.471209,5416.937,18960,0.219444444,0.000600806
17:00.0,6666.320781,300.315189,5416.769,19020,0.220138889,0.000602707
18:00.0,6666.088746,299.961495,5416.486,19080,0.220833333,0.000604609
19:00.0,6665.765485,299.414521,5416.092,19140,0.221527778,0.00060651
20:00.0,6665.358855,298.688599,5415.596,19200,0.222222222,0.000608411
21:00.0,6664.876657,297.798328,5415.009,19260,0.222916667,0.000610313
22:00.0,6664.324753,296.754605,5414.336,19320,0.223611111,0.000612214
23:00.0,6663.710548,295.571515,5413.588,19380,0.224305556,0.000614115
24:00.0,6663.045652,294.271995,5412.777,19440,0.225,0.000616016
25:00.0,6662.344309,292.885188,5411.923,19500,0.225694444,0.000617918
26:00.0,6661.619978,291.439992,5411.04,19560,0.226388889,0.000619819
27:00.0,6660.884779,289.964447,5410.144,19620,0.227083333,0.00062172
28:00.0,6660.151388,288.490446,5409.251,19680,0.227777778,0.000623622
29:00.0,6659.433675,287.056363,5408.377,19740,0.228472222,0.000625523
30:00.0,6658.745376,285.705982,5407.538,19800,0.229166667,0.000627424
31:00.0,6658.099399,284.488417,5406.751,19860,0.229861111,0.000629325
32:00.0,6657.508447,283.458059,5406.031,19920,0.230555556,0.000631227
33:00.0,6656.984688,282.665575,5405.394,19980,0.23125,0.000633128
34:00.0,6656.537918,282.138501,5404.849,20040,0.231944444,0.000635029
35:00.0,6656.174919,281.868634,5404.407,20100,0.232638889,0.000636931
36:00.0,6655.901244,281.820709,5404.074,20160,0.233333333,0.000638832
37:00.0,6655.7224,281.950581,5403.856,20220,0.234027778,0.000640733
38:00.0,6655.641869,282.216278,5403.758,20280,0.234722222,0.000642634
39:00.0,6655.658829,282.582292,5403.779,20340,0.235416667,0.000644536
40:00.0,6655.769768,283.022405,5403.914,20400,0.236111111,0.000646437
41:00.0,6655.972439,283.520063,5404.161,20460,0.236805556,0.000648338
42:00.0,6656.266246,284.063941,5404.519,20520,0.2375,0.00065024
43:00.0,6656.647701,284.641738,5404.983,20580,0.238194444,0.000652141
44:00.0,6657.106786,285.23816,5405.542,20640,0.238888889,0.000654042
45:00.0,6657.629111,285.83816,5406.178,20700,0.239583333,0.000655943
46:00.0,6658.200905,286.430325,5406.875,20760,0.240277778,0.000657845
47:00.0,6658.810656,287.006013,5407.618,20820,0.240972222,0.000659746
48:00.0,6659.446829,287.556145,5408.393,20880,0.241666667,0.000661647
49:00.0,6660.096456,288.070404,5409.184,20940,0.242361111,0.000663549
50:00.0,6660.746819,288.539222,5409.976,21000,0.243055556,0.00066545
51:00.0,6661.386923,288.95459,5410.756,21060,0.24375,0.000667351
52:00.0,6662.006063,289.307999,5411.511,21120,0.244444444,0.000669252
53:00.0,6662.591858,289.588836,5412.224,21180,0.245138889,0.000671154
54:00.0,6663.131132,289.786109,5412.882,21240,0.245833333,0.000673055
55:00.0,6663.612453,289.891198,5413.468,21300,0.246527778,0.000674956
56:00.0,6664.02664,289.897767,5413.973,21360,0.247222222,0.000676858
57:00.0,6664.365015,289.799575,5414.385,21420,0.247916667,0.000678759
58:00.0,6664.618586,289.590318,5414.694,21480,0.248611111,0.00068066
59:00.0,6664.779886,289.267178,5414.891,21540,0.249305556,0.000682561
00:00.0,6664.844268,288.834437,5414.969,21600,0.25,0.000684463
01:00.0,6664.809531,288.308446,5414.927,21660,0.250694444,0.000686364
02:00.0,6664.675269,287.7352,5414.763,21720,0.251388889,0.000688265
03:00.0,6664.443742,287.242811,5414.481,21780,0.252083333,0.000690167
04:00.0,6664.120779,287.019476,5414.087,21840,0.252777778,0.000692068
05:00.0,6663.714527,287.013807,5413.592,21900,0.253472222,0.000693969
06:00.0,6663.233372,287.060762,5413.006,21960,0.254166667,0.00069587
07:00.0,6662.686002,287.086874,5412.339,22020,0.254861111,0.000697772
08:00.0,6662.083122,287.069103,5411.605,22080,0.255555556,0.000699673
09:00.0,6661.437191,287.002121,5410.818,22140,0.25625,0.000701574
10:00.0,6660.75936,286.886148,5409.992,22200,0.256944444,0.000703476
11:00.0,6660.057634,286.721733,5409.137,22260,0.257638889,0.000705377
12:00.0,6659.339425,286.509165,5408.262,22320,0.258333333,0.000707278
13:00.0,6658.615795,286.250672,5407.38,22380,0.259027778,0.000709179
14:00.0,6657.902157,285.951814,5406.511,22440,0.259722222,0.000711081
15:00.0,6657.214777,285.620259,5405.674,22500,0.260416667,0.000712982
16:00.0,6656.56742,285.263488,5404.885,22560,0.261111111,0.000714883
17:00.0,6655.971429,284.887887,5404.159,22620,0.261805556,0.000716785
18:00.0,6655.437811,284.499579,5403.51,22680,0.2625,0.000718686
19:00.0,6654.978032,284.105515,5402.95,22740,0.263194444,0.000720587
20:00.0,6654.60271,283.713695,5402.493,22800,0.263888889,0.000722488
21:00.0,6654.319777,283.332736,5402.148,22860,0.264583333,0.00072439
22:00.0,6654.133642,282.97153,5401.921,22920,0.265277778,0.000726291
23:00.0,6654.045686,282.639543,5401.814,22980,0.265972222,0.000728192
24:00.0,6654.055397,282.347959,5401.826,23040,0.266666667,0.000730094
25:00.0,6654.160761,282.111224,5401.954,23100,0.267361111,0.000731995
26:00.0,6654.357082,281.947828,5402.193,23160,0.268055556,0.000733896
27:00.0,6654.635822,281.879547,5402.533,23220,0.26875,0.000735797
28:00.0,6654.986462,281.930674,5402.96,23280,0.269444444,0.000737699
29:00.0,6655.401002,282.129662,5403.465,23340,0.270138889,0.0007396
30:00.0,6655.875927,282.510502,5404.043,23400,0.270833333,0.000741501
31:00.0,6656.407831,283.104132,5404.691,23460,0.271527778,0.000743403
32:00.0,6656.986943,283.917561,5405.396,23520,0.272222222,0.000745304
33:00.0,6657.596745,284.921186,5406.139,23580,0.272916667,0.000747205
34:00.0,6658.22073,286.063394,5406.899,23640,0.273611111,0.000749106
35:00.0,6658.84778,287.295378,5407.663,23700,0.274305556,0.000751008
36:00.0,6659.469463,288.577472,5408.42,23760,0.275,0.000752909
37:00.0,6660.073744,289.869077,5409.156,23820,0.275694444,0.00075481
38:00.0,6660.644179,291.12474,5409.851,23880,0.276388889,0.000756712
39:00.0,6661.165212,292.303144,5410.486,23940,0.277083333,0.000758613
40:00.0,6661.625672,293.374182,5411.047,24000,0.277777778,0.000760514
41:00.0,6662.01654,294.314518,5411.523,24060,0.278472222,0.000762415
42:00.0,6662.32845,295.101649,5411.903,24120,0.279166667,0.000764317
43:00.0,6662.553932,295.717394,5412.178,24180,0.279861111,0.000766218
44:00.0,6662.69033,296.153679,5412.344,24240,0.280555556,0.000768119
45:00.0,6662.73716,296.407654,5412.401,24300,0.28125,0.000770021
46:00.0,6662.690832,296.470897,5412.345,24360,0.281944444,0.000771922
47:00.0,6662.545396,296.330001,5412.168,24420,0.282638889,0.000773823
48:00.0,6662.299944,295.98089,5411.869,24480,0.283333333,0.000775724
49:00.0,6661.962818,295.437811,5411.458,24540,0.284027778,0.000777626
50:00.0,6661.546345,294.72365,5410.951,24600,0.284722222,0.000779527
51:00.0,6661.058862,293.854023,5410.357,24660,0.285416667,0.000781428
52:00.0,6660.504197,292.83558,5409.681,24720,0.286111111,0.00078333
53:00.0,6659.888341,291.679015,5408.931,24780,0.286805556,0.000785231
54:00.0,6659.223005,290.406665,5408.12,24840,0.2875,0.000787132
55:00.0,6658.522434,289.046753,5407.267,24900,0.288194444,0.000789033
56:00.0,6657.799066,287.62498,5406.385,24960,0.288888889,0.000790935
57:00.0,6657.064006,286.165686,5405.49,25020,0.289583333,0.000792836
58:00.0,6656.329937,284.698401,5404.596,25080,0.290277778,0.000794737
59:00.0,6655.611174,283.259119,5403.721,25140,0.290972222,0.000796639
00:00.0,6654.921163,281.886728,5402.88,25200,0.291666667,0.00079854
01:00.0,6654.271634,280.623067,5402.089,25260,0.292361111,0.000800441
02:00.0,6653.673985,279.516787,5401.362,25320,0.293055556,0.000802342
03:00.0,6653.139605,278.620765,5400.711,25380,0.29375,0.000804244
04:00.0,6652.678259,277.977158,5400.149,25440,0.294444444,0.000806145
05:00.0,6652.297522,277.599411,5399.686,25500,0.295138889,0.000808046
06:00.0,6652.004375,277.467827,5399.329,25560,0.295833333,0.000809948
07:00.0,6651.805894,277.541828,5399.087,25620,0.296527778,0.000811849
08:00.0,6651.707129,277.775866,5398.967,25680,0.297222222,0.00081375
09:00.0,6651.709129,278.129918,5398.969,25740,0.297916667,0.000815651
10:00.0,6651.810222,278.57425,5399.092,25800,0.298611111,0.000817553
11:00.0,6652.008402,279.088831,5399.334,25860,0.299305556,0.000819454
12:00.0,6652.30073,279.658497,5399.69,25920,0.3,0.000821355
13:00.0,6652.680488,280.268409,5400.152,25980,0.300694444,0.000823257
14:00.0,6653.136809,280.903801,5400.708,26040,0.301388889,0.000825158
15:00.0,6653.657937,281.552515,5401.342,26100,0.302083333,0.000827059
16:00.0,6654.233713,282.20541,5402.043,26160,0.302777778,0.00082896
17:00.0,6654.854103,282.853336,5402.799,26220,0.303472222,0.000830862
18:00.0,6655.50651,283.484528,5403.593,26280,0.304166667,0.000832763
19:00.0,6656.175983,284.085487,5404.409,26340,0.304861111,0.000834664
20:00.0,6656.847502,284.643128,5405.226,26400,0.305555556,0.000836566
21:00.0,6657.506582,285.144521,5406.029,26460,0.30625,0.000838467
22:00.0,6658.137904,285.575208,5406.798,26520,0.306944444,0.000840368
23:00.0,6658.725533,285.920186,5407.514,26580,0.307638889,0.000842269
24:00.0,6659.255952,286.167993,5408.16,26640,0.308333333,0.000844171
25:00.0,6659.720538,286.313247,5408.726,26700,0.309027778,0.000846072
26:00.0,6660.114406,286.35447,5409.206,26760,0.309722222,0.000847973
27:00.0,6660.433296,286.290108,5409.594,26820,0.310416667,0.000849875
28:00.0,6660.671975,286.117182,5409.885,26880,0.311111111,0.000851776
29:00.0,6660.824984,285.833211,5410.072,26940,0.311805556,0.000853677
30:00.0,6660.887101,285.437975,5410.147,27000,0.3125,0.000855578
31:00.0,6660.853513,284.936128,5410.106,27060,0.313194444,0.00085748
32:00.0,6660.720965,284.345127,5409.945,27120,0.313888889,0.000859381
33:00.0,6660.489844,283.715037,5409.663,27180,0.314583333,0.000861282
34:00.0,6660.164921,283.162149,5409.267,27240,0.315277778,0.000863184
35:00.0,6659.753617,282.829895,5408.766,27300,0.315972222,0.000865085
36:00.0,6659.263872,282.696063,5408.17,27360,0.316666667,0.000866986
37:00.0,6658.703949,282.634992,5407.488,27420,0.317361111,0.000868887
38:00.0,6658.083586,282.573145,5406.732,27480,0.318055556,0.000870789
39:00.0,6657.414348,282.482041,5405.917,27540,0.31875,0.00087269
40:00.0,6656.708894,282.351877,5405.058,27600,0.319444444,0.000874591
41:00.0,6655.980711,282.180462,5404.171,27660,0.320138889,0.000876493
42:00.0,6655.244609,281.969635,5403.274,27720,0.320833333,0.000878394
43:00.0,6654.516274,281.72393,5402.387,27780,0.321527778,0.000880295
44:00.0,6653.809943,281.449035,5401.527,27840,0.322222222,0.000882196
45:00.0,6653.136031,281.149945,5400.707,27900,0.322916667,0.000884098
46:00.0,6652.501324,280.82998,5399.934,27960,0.323611111,0.000885999
47:00.0,6651.911946,280.491457,5399.216,28020,0.324305556,0.0008879
48:00.0,6651.376588,280.137412,5398.564,28080,0.325,0.000889802
49:00.0,6650.907192,279.773011,5397.993,28140,0.325694444,0.000891703
50:00.0,6650.516584,279.405629,5397.517,28200,0.326388889,0.000893604
51:00.0,6650.215083,279.043767,5397.15,28260,0.327083333,0.000895505
52:00.0,6650.008813,278.695942,5396.899,28320,0.327777778,0.000897407
53:00.0,6649.900632,278.370691,5396.768,28380,0.328472222,0.000899308
54:00.0,6649.891801,278.077838,5396.757,28440,0.329166667,0.000901209
55:00.0,6649.982084,277.830021,5396.867,28500,0.329861111,0.000903111
56:00.0,6650.168546,277.643676,5397.094,28560,0.330555556,0.000905012
57:00.0,6650.445476,277.540197,5397.431,28620,0.33125,0.000906913
58:00.0,6650.806058,277.548417,5397.87,28680,0.331944444,0.000908814
59:00.0,6651.243011,277.706559,5398.402,28740,0.332638889,0.000910716
00:00.0,6651.746386,278.056938,5399.015,28800,0.333333333,0.000912617
01:00.0,6652.301478,278.628541,5399.69,28860,0.334027778,0.000914518
02:00.0,6652.891304,279.418798,5400.409,28920,0.334722222,0.000916419
03:00.0,6653.502353,280.396199,5401.153,28980,0.335416667,0.000918321
04:00.0,6654.126882,281.519779,5401.913,29040,0.336111111,0.000920222
05:00.0,6654.758383,282.748757,5402.682,29100,0.336805556,0.000922123
06:00.0,6655.385568,284.037847,5403.446,29160,0.3375,0.000924025
07:00.0,6655.992149,285.336315,5404.185,29220,0.338194444,0.000925926
08:00.0,6656.561995,286.597181,5404.879,29280,0.338888889,0.000927827
09:00.0,6657.082698,287.784487,5405.513,29340,0.339583333,0.000929728
10:00.0,6657.544119,288.870288,5406.075,29400,0.340277778,0.00093163
11:00.0,6657.935847,289.828542,5406.552,29460,0.340972222,0.000933531
12:00.0,6658.247862,290.635213,5406.932,29520,0.341666667,0.000935432
13:00.0,6658.472656,291.27199,5407.206,29580,0.342361111,0.000937334
14:00.0,6658.605144,291.726059,5407.367,29640,0.343055556,0.000939235
15:00.0,6658.64131,291.987156,5407.411,29700,0.34375,0.000941136
16:00.0,6658.579001,292.048755,5407.335,29760,0.344444444,0.000943037
17:00.0,6658.420033,291.912219,5407.142,29820,0.345138889,0.000944939
18:00.0,6658.169318,291.585376,5406.836,29880,0.345833333,0.00094684
19:00.0,6657.83098,291.074835,5406.424,29940,0.346527778,0.000948741
20:00.0,6657.407068,290.382939,5405.908,30000,0.347222222,0.000950643
21:00.0,6656.901566,289.515345,5405.292,30060,0.347916667,0.000952544
22:00.0,6656.324265,288.489065,5404.589,30120,0.348611111,0.000954445
23:00.0,6655.689015,287.329686,5403.816,30180,0.349305556,0.000956346
24:00.0,6655.008433,286.061031,5402.987,30240,0.35,0.000958248
25:00.0,6654.293141,284.703307,5402.116,30300,0.350694444,0.000960149
26:00.0,6653.555857,283.281332,5401.218,30360,0.351388889,0.00096205
27:00.0,6652.813042,281.828637,5400.313,30420,0.352083333,0.000963952
28:00.0,6652.080324,280.379167,5399.421,30480,0.352777778,0.000965853
29:00.0,6651.36784,278.958334,5398.554,30540,0.353472222,0.000967754
30:00.0,6650.682557,277.588508,5397.719,30600,0.354166667,0.000969655
31:00.0,6650.034712,276.304175,5396.931,30660,0.354861111,0.000971557
32:00.0,6649.439393,275.157462,5396.206,30720,0.355555556,0.000973458
33:00.0,6648.911061,274.206143,5395.563,30780,0.35625,0.000975359
34:00.0,6648.458429,273.495574,5395.012,30840,0.356944444,0.000977261
35:00.0,6648.085839,273.046703,5394.559,30900,0.357638889,0.000979162
36:00.0,6647.797878,272.851305,5394.208,30960,0.358333333,0.000981063
37:00.0,6647.600467,272.875654,5393.968,31020,0.359027778,0.000982964
38:00.0,6647.497927,273.074008,5393.843,31080,0.359722222,0.000984866
39:00.0,6647.491256,273.403969,5393.835,31140,0.360416667,0.000986767
40:00.0,6647.579907,273.834725,5393.943,31200,0.361111111,0.000988668
41:00.0,6647.763555,274.346261,5394.166,31260,0.361805556,0.00099057
42:00.0,6648.040692,274.923684,5394.504,31320,0.3625,0.000992471
43:00.0,6648.406132,275.552846,5394.948,31380,0.363194444,0.000994372
44:00.0,6648.851195,276.220185,5395.49,31440,0.363888889,0.000996273
45:00.0,6649.366257,276.914303,5396.117,31500,0.364583333,0.000998175
46:00.0,6649.941981,277.625402,5396.818,31560,0.365277778,0.001000076
47:00.0,6650.567604,278.342274,5397.58,31620,0.365972222,0.001001977
48:00.0,6651.228739,279.050058,5398.384,31680,0.366666667,0.001003879
49:00.0,6651.907696,279.731185,5399.211,31740,0.367361111,0.00100578
50:00.0,6652.58629,280.368529,5400.037,31800,0.368055556,0.001007681
51:00.0,6653.248627,280.947837,5400.844,31860,0.36875,0.001009582
52:00.0,6653.881797,281.457594,5401.615,31920,0.369444444,0.001011484
53:00.0,6654.474404,281.886763,5402.336,31980,0.370138889,0.001013385
54:00.0,6655.014509,282.222484,5402.994,32040,0.370833333,0.001015286
55:00.0,6655.489037,282.450051,5403.572,32100,0.371527778,0.001017188
56:00.0,6655.885518,282.55589,5404.055,32160,0.372222222,0.001019089
57:00.0,6656.194883,282.53157,5404.432,32220,0.372916667,0.00102099
58:00.0,6656.412747,282.375363,5404.697,32280,0.373611111,0.001022891
59:00.0,6656.53823,282.090492,5404.85,32340,0.374305556,0.001024793
00:00.0,6656.571224,281.681714,5404.89,32400,0.375,0.001026694
01:00.0,6656.510952,281.154617,5404.817,32460,0.375694444,0.001028595
02:00.0,6656.356682,280.519476,5404.629,32520,0.376388889,0.001030497
03:00.0,6656.109421,279.800182,5404.328,32580,0.377083333,0.001032398
04:00.0,6655.773006,279.052589,5403.918,32640,0.377777778,0.001034299
05:00.0,6655.353805,278.396172,5403.407,32700,0.378472222,0.0010362
06:00.0,6654.859328,277.975895,5402.805,32760,0.379166667,0.001038102
07:00.0,6654.296903,277.771125,5402.12,32820,0.379861111,0.001040003
08:00.0,6653.67375,277.653313,5401.361,32880,0.380555556,0.001041904
09:00.0,6652.998719,277.544746,5400.539,32940,0.38125,0.001043806
10:00.0,6652.283995,277.414707,5399.669,33000,0.381944444,0.001045707
11:00.0,6651.544642,277.253268,5398.769,33060,0.382638889,0.001047608
12:00.0,6650.79613,277.058943,5397.858,33120,0.383333333,0.001049509
13:00.0,6650.052373,276.833254,5396.952,33180,0.384027778,0.001051411
14:00.0,6649.326155,276.578791,5396.068,33240,0.384722222,0.001053312
15:00.0,6648.63079,276.299197,5395.222,33300,0.385416667,0.001055213
16:00.0,6647.980486,275.999461,5394.43,33360,0.386111111,0.001057115
17:00.0,6647.388754,275.685532,5393.71,33420,0.386805556,0.001059016
18:00.0,6646.866413,275.363445,5393.074,33480,0.3875,0.001060917
19:00.0,6646.420618,275.038579,5392.532,33540,0.388194444,0.001062818
20:00.0,6646.05508,274.715303,5392.087,33600,0.388888889,0.00106472
21:00.0,6645.771435,274.397083,5391.742,33660,0.389583333,0.001066621
22:00.0,6645.571705,274.087379,5391.499,33720,0.390277778,0.001068522
23:00.0,6645.46041,273.791422,5391.363,33780,0.390972222,0.001070424
24:00.0,6645.44377,273.517937,5391.343,33840,0.391666667,0.001072325
25:00.0,6645.525735,273.279501,5391.443,33900,0.392361111,0.001074226
26:00.0,6645.704453,273.091687,5391.66,33960,0.393055556,0.001076127
27:00.0,6645.972889,272.97303,5391.987,34020,0.39375,0.001078029
28:00.0,6646.322576,272.947555,5392.412,34080,0.394444444,0.00107993
29:00.0,6646.745953,273.048555,5392.928,34140,0.395138889,0.001081831
30:00.0,6647.235288,273.318421,5393.523,34200,0.395833333,0.001083733
31:00.0,6647.780823,273.79876,5394.187,34260,0.396527778,0.001085634
32:00.0,6648.370951,274.511954,5394.906,34320,0.397222222,0.001087535
33:00.0,6648.993273,275.447064,5395.663,34380,0.397916667,0.001089436
34:00.0,6649.634148,276.561558,5396.443,34440,0.398611111,0.001091338
35:00.0,6650.27769,277.794522,5397.227,34500,0.399305556,0.001093239
36:00.0,6650.907211,279.082406,5397.993,34560,0.4,0.00109514
37:00.0,6651.508683,280.372145,5398.725,34620,0.400694444,0.001097042
38:00.0,6652.072006,281.625571,5399.411,34680,0.401388889,0.001098943
39:00.0,6652.588178,282.813065,5400.04,34740,0.402083333,0.001100844
40:00.0,6653.046002,283.904865,5400.597,34800,0.402777778,0.001102745
41:00.0,6653.432694,284.870087,5401.068,34860,0.403472222,0.001104647
42:00.0,6653.737402,285.682624,5401.439,34920,0.404166667,0.001106548
43:00.0,6653.953102,286.324799,5401.702,34980,0.404861111,0.001108449
44:00.0,6654.07533,286.784855,5401.85,35040,0.405555556,0.001110351
45:00.0,6654.100618,287.053498,5401.881,35100,0.40625,0.001112252
46:00.0,6654.026868,287.124232,5401.791,35160,0.406944444,0.001114153
47:00.0,6653.854297,286.995104,5401.581,35220,0.407638889,0.001116054
48:00.0,6653.585213,286.668284,5401.254,35280,0.408333333,0.001117956
49:00.0,6653.223671,286.149292,5400.813,35340,0.409027778,0.001119857
50:00.0,6652.776393,285.44875,5400.269,35400,0.409722222,0.001121758
51:00.0,6652.253369,284.583805,5399.632,35460,0.410416667,0.00112366
52:00.0,6651.665868,283.574553,5398.917,35520,0.411111111,0.001125561
53:00.0,6651.023883,282.438956,5398.135,35580,0.411805556,0.001127462
54:00.0,6650.336121,281.192443,5397.298,35640,0.4125,0.001129363
55:00.0,6649.613245,279.854231,5396.418,35700,0.413194444,0.001131265
56:00.0,6648.869331,278.450737,5395.512,35760,0.413888889,0.001133166
57:00.0,6648.119199,277.010937,5394.599,35820,0.414583333,0.001135067
58:00.0,6647.375592,275.561058,5393.694,35880,0.415277778,0.001136969
59:00.0,6646.650664,274.12793,5392.812,35940,0.415972222,0.00113887
00:00.0,6645.959321,272.747062,5391.97,36000,0.416666667,0.001140771
01:00.0,6645.318172,271.462645,5391.19,36060,0.417361111,0.001142672
02:00.0,6644.739779,270.317577,5390.486,36120,0.418055556,0.001144574
03:00.0,6644.229527,269.347501,5389.865,36180,0.41875,0.001146475
04:00.0,6643.78992,268.587692,5389.331,36240,0.419444444,0.001148376
05:00.0,6643.427236,268.076305,5388.889,36300,0.420138889,0.001150278
06:00.0,6643.151973,267.833029,5388.554,36360,0.420833333,0.001152179
07:00.0,6642.972619,267.835335,5388.336,36420,0.421527778,0.00115408
08:00.0,6642.890812,268.030515,5388.237,36480,0.422222222,0.001155981
09:00.0,6642.903409,268.366784,5388.252,36540,0.422916667,0.001157883
10:00.0,6643.007525,268.80881,5388.379,36600,0.423611111,0.001159784
11:00.0,6643.201679,269.334596,5388.615,36660,0.424305556,0.001161685
12:00.0,6643.482685,269.927234,5388.957,36720,0.425,0.001163587
13:00.0,6643.843869,270.571563,5389.396,36780,0.425694444,0.001165488
14:00.0,6644.277335,271.255853,5389.924,36840,0.426388889,0.001167389
15:00.0,6644.776596,271.972508,5390.531,36900,0.427083333,0.00116929
16:00.0,6645.335424,272.714479,5391.211,36960,0.427777778,0.001171192
17:00.0,6645.944298,273.470679,5391.952,37020,0.428472222,0.001173093
18:00.0,6646.589113,274.225318,5392.737,37080,0.429166667,0.001174994
19:00.0,6647.253529,274.961186,5393.545,37140,0.429861111,0.001176896
20:00.0,6647.921885,275.662536,5394.359,37200,0.430555556,0.001178797
21:00.0,6648.579782,276.314751,5395.16,37260,0.43125,0.001180698
22:00.0,6649.21305,276.902514,5395.931,37320,0.431944444,0.001182599
23:00.0,6649.807319,277.40939,5396.654,37380,0.432638889,0.001184501
24:00.0,6650.348646,277.818979,5397.313,37440,0.433333333,0.001186402
25:00.0,6650.824033,278.115835,5397.892,37500,0.434027778,0.001188303
26:00.0,6651.221511,278.285759,5398.376,37560,0.434722222,0.001190205
27:00.0,6651.530631,278.316742,5398.752,37620,0.435416667,0.001192106
28:00.0,6651.743546,278.200788,5399.011,37680,0.436111111,0.001194007
29:00.0,6651.856001,277.935551,5399.148,37740,0.436805556,0.001195908
30:00.0,6651.86684,277.523871,5399.161,37800,0.4375,0.00119781
31:00.0,6651.777127,276.97302,5399.052,37860,0.438194444,0.001199711
32:00.0,6651.589615,276.295174,5398.824,37920,0.438888889,0.001201612
33:00.0,6651.308493,275.509846,5398.482,37980,0.439583333,0.001203514
34:00.0,6650.93889,274.650394,5398.032,38040,0.440277778,0.001205415
35:00.0,6650.486505,273.782911,5397.481,38100,0.440972222,0.001207316
36:00.0,6649.958213,273.040033,5396.838,38160,0.441666667,0.001209217
37:00.0,6649.3633,272.561852,5396.113,38220,0.442361111,0.001211119
38:00.0,6648.713695,272.303213,5395.323,38280,0.443055556,0.00121302
39:00.0,6648.022337,272.134495,5394.481,38340,0.44375,0.001214921
40:00.0,6647.301144,271.984032,5393.603,38400,0.444444444,0.001216823
41:00.0,6646.560851,271.822832,5392.702,38460,0.445138889,0.001218724
42:00.0,6645.81282,271.639791,5391.792,38520,0.445833333,0.001220625
43:00.0,6645.070475,271.432044,5390.889,38580,0.446527778,0.001222526
44:00.0,6644.348397,271.20101,5390.01,38640,0.447222222,0.001224428
45:00.0,6643.659976,270.949869,5389.172,38700,0.447916667,0.001226329
46:00.0,6643.016218,270.681959,5388.389,38760,0.448611111,0.00122823
47:00.0,6642.426731,270.400404,5387.672,38820,0.449305556,0.001230132
48:00.0,6641.901343,270.108644,5387.033,38880,0.45,0.001232033
49:00.0,6641.450352,269.81094,5386.484,38940,0.450694444,0.001233934
50:00.0,6641.083398,269.512386,5386.038,39000,0.451388889,0.001235835
51:00.0,6640.808291,269.218689,5385.703,39060,0.452083333,0.001237737
52:00.0,6640.63033,268.936143,5385.486,39120,0.452777778,0.001239638
53:00.0,6640.551451,268.671642,5385.39,39180,0.453472222,0.001241539
54:00.0,6640.569307,268.432434,5385.412,39240,0.454166667,0.001243441
55:00.0,6640.677938,268.226011,5385.544,39300,0.454861111,0.001245342
56:00.0,6640.870881,268.061381,5385.779,39360,0.455555556,0.001247243
57:00.0,6641.144385,267.952584,5386.112,39420,0.45625,0.001249144
58:00.0,6641.496948,267.923358,5386.541,39480,0.456944444,0.001251046
59:00.0,6641.924831,268.009732,5387.061,39540,0.457638889,0.001252947
00:00.0,6642.418062,268.256493,5387.661,39600,0.458333333,0.001254848
01:00.0,6642.961524,268.70473,5388.323,39660,0.459027778,0.00125675
02:00.0,6643.540171,269.374411,5389.027,39720,0.459722222,0.001258651
03:00.0,6644.142675,270.255027,5389.76,39780,0.460416667,0.001260552
04:00.0,6644.759908,271.310614,5390.511,39840,0.461111111,0.001262453
05:00.0,6645.380896,272.489844,5391.266,39900,0.461805556,0.001264355
06:00.0,6645.99144,273.735209,5392.009,39960,0.4625,0.001266256
07:00.0,6646.576567,274.992533,5392.722,40020,0.463194444,0.001268157
08:00.0,6647.123144,276.217468,5393.387,40080,0.463888889,0.001270059
09:00.0,6647.61967,277.374688,5393.991,40140,0.464583333,0.00127196
10:00.0,6648.054735,278.433251,5394.521,40200,0.465277778,0.001273861
11:00.0,6648.4173,279.365316,5394.962,40260,0.465972222,0.001275762
12:00.0,6648.698674,280.148983,5395.304,40320,0.466666667,0.001277664
13:00.0,6648.89315,280.769318,5395.541,40380,0.467361111,0.001279565
14:00.0,6648.99608,281.214453,5395.666,40440,0.468055556,0.001281466
15:00.0,6649.002093,281.471542,5395.674,40500,0.46875,0.001283368
16:00.0,6648.906328,281.528462,5395.557,40560,0.469444444,0.001285269
17:00.0,6648.707652,281.379892,5395.315,40620,0.470138889,0.00128717
18:00.0,6648.410258,281.030793,5394.953,40680,0.470833333,0.001289071
19:00.0,6648.022069,280.493761,5394.481,40740,0.471527778,0.001290973
20:00.0,6647.552019,279.783782,5393.909,40800,0.472222222,0.001292874
21:00.0,6647.00883,278.915579,5393.248,40860,0.472916667,0.001294775
22:00.0,6646.401499,277.904347,5392.509,40920,0.473611111,0.001296677
23:00.0,6645.740221,276.767541,5391.704,40980,0.474305556,0.001298578
24:00.0,6645.036243,275.524723,5390.847,41040,0.475,0.001300479
25:00.0,6644.30166,274.197296,5389.953,41100,0.475694444,0.00130238
26:00.0,6643.549299,272.808416,5389.038,41160,0.476388889,0.001304282
27:00.0,6642.792746,271.383301,5388.117,41220,0.477083333,0.001306183
28:00.0,6642.046306,269.949633,5387.209,41280,0.477777778,0.001308084
29:00.0,6641.324659,268.537623,5386.331,41340,0.478472222,0.001309986
30:00.0,6640.641884,267.179143,5385.501,41400,0.479166667,0.001311887
31:00.0,6640.010141,265.90653,5384.732,41460,0.479861111,0.001313788
32:00.0,6639.439298,264.753835,5384.038,41520,0.480555556,0.001315689
33:00.0,6638.938234,263.762114,5383.428,41580,0.48125,0.001317591
34:00.0,6638.516275,262.982939,5382.915,41640,0.481944444,0.001319492
35:00.0,6638.182223,262.466186,5382.509,41700,0.482638889,0.001321393
36:00.0,6637.941272,262.228954,5382.216,41760,0.483333333,0.001323295
37:00.0,6637.793595,262.239608,5382.036,41820,0.484027778,0.001325196
38:00.0,6637.737128,262.443521,5381.967,41880,0.484722222,0.001327097
39:00.0,6637.771703,262.794828,5382.009,41940,0.485416667,0.001328998
40:00.0,6637.899298,263.263103,5382.165,42000,0.486111111,0.0013309
41:00.0,6638.119807,263.825327,5382.433,42060,0.486805556,0.001332801
42:00.0,6638.42752,264.459995,5382.807,42120,0.4875,0.001334702
43:00.0,6638.81245,265.147876,5383.275,42180,0.488194444,0.001336604
44:00.0,6639.264197,265.874391,5383.825,42240,0.488888889,0.001338505
45:00.0,6639.773326,266.6284,5384.444,42300,0.489583333,0.001340406
46:00.0,6640.329686,267.398631,5385.121,42360,0.490277778,0.001342307
47:00.0,6640.921654,268.172723,5385.841,42420,0.490972222,0.001344209
48:00.0,6641.538016,268.93951,5386.591,42480,0.491666667,0.00134611
49:00.0,6642.169207,269.689678,5387.359,42540,0.492361111,0.001348011
50:00.0,6642.805185,270.412199,5388.132,42600,0.493055556,0.001349913
51:00.0,6643.432696,271.091039,5388.896,42660,0.49375,0.001351814
52:00.0,6644.036245,271.707363,5389.63,42720,0.494444444,0.001353715
53:00.0,6644.601758,272.244606,5390.318,42780,0.495138889,0.001355616
54:00.0,6645.11769,272.689057,5390.946,42840,0.495833333,0.001357518
55:00.0,6645.572192,273.025216,5391.499,42900,0.496527778,0.001359419
56:00.0,6645.95129,273.233909,5391.961,42960,0.497222222,0.00136132
57:00.0,6646.241948,273.298146,5392.314,43020,0.497916667,0.001363222
58:00.0,6646.436458,273.210061,5392.551,43080,0.498611111,0.001365123
59:00.0,6646.532456,272.970166,5392.668,43140,0.499305556,0.001367024
00:00.0,6646.528236,272.579504,5392.663,43200,0.5,0.001368925
01:00.0,6646.42071,272.037301,5392.532,43260,0.500694444,0.001370827
02:00.0,6646.208876,271.348306,5392.274,43320,0.501388889,0.001372728
03:00.0,6645.897834,270.531279,5391.896,43380,0.502083333,0.001374629
04:00.0,6645.497389,269.620117,5391.408,43440,0.502777778,0.001376531
05:00.0,6645.016827,268.664999,5390.823,43500,0.503472222,0.001378432
06:00.0,6644.462609,267.752429,5390.149,43560,0.504166667,0.001380333
07:00.0,6643.841343,267.025074,5389.393,43620,0.504861111,0.001382234
08:00.0,6643.163355,266.566057,5388.568,43680,0.505555556,0.001384136
09:00.0,6642.442369,266.286072,5387.691,43740,0.50625,0.001386037
10:00.0,6641.692779,266.076107,5386.779,43800,0.506944444,0.001387938
11:00.0,6640.928573,265.882162,5385.849,43860,0.507638889,0.00138984
12:00.0,6640.164198,265.682834,5384.919,43920,0.508333333,0.001391741
13:00.0,6639.414457,265.470853,5384.007,43980,0.509027778,0.001393642
14:00.0,6638.692759,265.244729,5383.13,44040,0.509722222,0.001395543
15:00.0,6638.010308,265.005014,5382.3,44100,0.510416667,0.001397445
16:00.0,6637.377529,264.753222,5381.53,44160,0.511111111,0.001399346
17:00.0,6636.805298,264.491961,5380.834,44220,0.511805556,0.001401247
18:00.0,6636.303722,264.224773,5380.224,44280,0.5125,0.001403149
19:00.0,6635.880038,263.955294,5379.709,44340,0.513194444,0.00140505
20:00.0,6635.538698,263.686664,5379.294,44400,0.513888889,0.001406951
21:00.0,6635.283502,263.421923,5378.983,44460,0.514583333,0.001408852
22:00.0,6635.118822,263.164922,5378.783,44520,0.515277778,0.001410754
23:00.0,6635.048684,262.920867,5378.698,44580,0.515972222,0.001412655
24:00.0,6635.075442,262.696557,5378.73,44640,0.516666667,0.001414556
25:00.0,6635.199419,262.501034,5378.881,44700,0.517361111,0.001416458
26:00.0,6635.41845,262.346922,5379.148,44760,0.518055556,0.001418359
27:00.0,6635.726475,262.251903,5379.522,44820,0.51875,0.00142026
28:00.0,6636.112948,262.24009,5379.992,44880,0.519444444,0.001422161
29:00.0,6636.565,262.343693,5380.542,44940,0.520138889,0.001424063
30:00.0,6637.070805,262.603841,5381.157,45000,0.520833333,0.001425964
31:00.0,6637.620696,263.064613,5381.826,45060,0.521527778,0.001427865
32:00.0,6638.205359,263.754146,5382.537,45120,0.522222222,0.001429767
33:00.0,6638.813952,264.663769,5383.277,45180,0.522916667,0.001431668
34:00.0,6639.434114,265.748877,5384.031,45240,0.523611111,0.001433569
35:00.0,6640.05254,266.948994,5384.784,45300,0.524305556,0.00143547
36:00.0,6640.6546,268.203343,5385.516,45360,0.525,0.001437372
37:00.0,6641.224389,269.456068,5386.209,45420,0.525694444,0.001439273
38:00.0,6641.747016,270.659924,5386.845,45480,0.526388889,0.001441174
39:00.0,6642.211337,271.780235,5387.41,45540,0.527083333,0.001443076
40:00.0,6642.609501,272.793179,5387.894,45600,0.527777778,0.001444977
41:00.0,6642.933444,273.67779,5388.288,45660,0.528472222,0.001446878
42:00.0,6643.172974,274.410447,5388.58,45720,0.529166667,0.001448779
43:00.0,6643.318347,274.96844,5388.757,45780,0.529861111,0.001450681
44:00.0,6643.364238,275.337462,5388.813,45840,0.530555556,0.001452582
45:00.0,6643.310252,275.51319,5388.747,45900,0.53125,0.001454483
46:00.0,6643.158004,275.495911,5388.562,45960,0.531944444,0.001456385
47:00.0,6642.909179,275.286368,5388.259,46020,0.532638889,0.001458286
48:00.0,6642.566781,274.887691,5387.842,46080,0.533333333,0.001460187
49:00.0,6642.136815,274.308679,5387.319,46140,0.534027778,0.001462088
50:00.0,6641.62742,273.562429,5386.699,46200,0.534722222,0.00146399
51:00.0,6641.046794,272.662261,5385.993,46260,0.535416667,0.001465891
52:00.0,6640.4034,271.621714,5385.21,46320,0.536111111,0.001467792
53:00.0,6639.708302,270.458906,5384.365,46380,0.536805556,0.001469694
54:00.0,6638.976057,269.198761,5383.474,46440,0.5375,0.001471595
55:00.0,6638.222599,267.869537,5382.558,46500,0.538194444,0.001473496
56:00.0,6637.462189,266.497069,5381.633,46560,0.538888889,0.001475397
57:00.0,6636.706609,265.102916,5380.714,46620,0.539583333,0.001477299
58:00.0,6635.966647,263.7071,5379.814,46680,0.540277778,0.0014792
59:00.0,6635.253567,262.331414,5378.947,46740,0.540972222,0.001481101
00:00.0,6634.579314,261.000822,5378.127,46800,0.541666667,0.001483003
01:00.0,6633.956189,259.744353,5377.369,46860,0.542361111,0.001484904
02:00.0,6633.396574,258.597021,5376.689,46920,0.543055556,0.001486805
03:00.0,6632.912164,257.601762,5376.1,46980,0.54375,0.001488706
04:00.0,6632.512385,256.808884,5375.614,47040,0.544444444,0.001490608
05:00.0,6632.203205,256.26852,5375.238,47100,0.545138889,0.001492509
06:00.0,6631.987694,256.009928,5374.976,47160,0.545833333,0.00149441
07:00.0,6631.867853,256.019804,5374.831,47220,0.546527778,0.001496312
08:00.0,6631.84558,256.250838,5374.803,47280,0.547222222,0.001498213
09:00.0,6631.921482,256.650233,5374.896,47340,0.547916667,0.001500114
10:00.0,6632.092669,257.174678,5375.104,47400,0.548611111,0.001502015
11:00.0,6632.352057,257.791451,5375.419,47460,0.549305556,0.001503917
12:00.0,6632.690347,258.477164,5375.83,47520,0.55,0.001505818
13:00.0,6633.098983,259.216715,5376.327,47580,0.550694444,0.001507719
14:00.0,6633.571082,260.000202,5376.901,47640,0.551388889,0.001509621
15:00.0,6634.09923,260.817502,5377.543,47700,0.552083333,0.001511522
16:00.0,6634.672437,261.653808,5378.24,47760,0.552777778,0.001513423
17:00.0,6635.275663,262.489633,5378.974,47820,0.553472222,0.001515324
18:00.0,6635.892614,263.304902,5379.724,47880,0.554166667,0.001517226
19:00.0,6636.508984,264.082787,5380.474,47940,0.554861111,0.001519127
20:00.0,6637.113111,264.8097,5381.208,48000,0.555555556,0.001521028
21:00.0,6637.694284,265.472609,5381.915,48060,0.55625,0.00152293
22:00.0,6638.241553,266.057827,5382.581,48120,0.556944444,0.001524831
23:00.0,6638.744614,266.55287,5383.193,48180,0.557638889,0.001526732
24:00.0,6639.195228,266.948475,5383.741,48240,0.558333333,0.001528633
25:00.0,6639.586737,267.23726,5384.217,48300,0.559027778,0.001530535
26:00.0,6639.911564,267.409548,5384.612,48360,0.559722222,0.001532436
27:00.0,6640.159213,267.450602,5384.913,48420,0.560416667,0.001534337
28:00.0,6640.317142,267.342797,5385.105,48480,0.561111111,0.001536238
29:00.0,6640.374633,267.072463,5385.175,48540,0.561805556,0.00153814
30:00.0,6640.326564,266.636101,5385.117,48600,0.5625,0.001540041
31:00.0,6640.174658,266.042198,5384.932,48660,0.563194444,0.001541942
32:00.0,6639.924859,265.306834,5384.628,48720,0.563888889,0.001543844
33:00.0,6639.583121,264.447689,5384.213,48780,0.564583333,0.001545745
34:00.0,6639.153622,263.484284,5383.69,48840,0.565277778,0.001547646
35:00.0,6638.641175,262.450171,5383.067,48900,0.565972222,0.001549547
36:00.0,6638.055,261.419613,5382.354,48960,0.566666667,0.001551449
37:00.0,6637.409095,260.540998,5381.568,49020,0.567361111,0.00155335
38:00.0,6636.718151,259.96334,5380.728,49080,0.568055556,0.001555251
39:00.0,6635.993316,259.63307,5379.847,49140,0.56875,0.001557153
40:00.0,6635.24253,259.409634,5378.934,49200,0.569444444,0.001559054
41:00.0,6634.474842,259.216043,5378,49260,0.570138889,0.001560955
42:00.0,6633.703645,259.02234,5377.062,49320,0.570833333,0.001562856
43:00.0,6632.945553,258.818535,5376.141,49380,0.571527778,0.001564758
44:00.0,6632.216866,258.602502,5375.255,49440,0.572222222,0.001566659
45:00.0,6631.531582,258.374943,5374.422,49500,0.572916667,0.00156856
46:00.0,6630.901958,258.137696,5373.656,49560,0.573611111,0.001570462
47:00.0,6630.339427,257.893431,5372.973,49620,0.574305556,0.001572363
48:00.0,6629.854239,257.645457,5372.383,49680,0.575,0.001574264
49:00.0,6629.454455,257.39731,5371.897,49740,0.575694444,0.001576165
50:00.0,6629.145552,257.152451,5371.521,49800,0.576388889,0.001578067
51:00.0,6628.930579,256.91428,5371.26,49860,0.577083333,0.001579968
52:00.0,6628.810305,256.686329,5371.114,49920,0.577777778,0.001581869
53:00.0,6628.783501,256.472524,5371.081,49980,0.578472222,0.001583771
54:00.0,6628.84775,256.277708,5371.159,50040,0.579166667,0.001585672
55:00.0,6629.000285,256.108628,5371.345,50100,0.579861111,0.001587573
56:00.0,6629.238015,255.975442,5371.634,50160,0.580555556,0.001589474
57:00.0,6629.556799,255.893791,5372.021,50220,0.58125,0.001591376
58:00.0,6629.950722,255.887721,5372.5,50280,0.581944444,0.001593277
59:00.0,6630.411683,255.993124,5373.06,50340,0.582638889,0.001595178
00:00.0,6630.929103,256.258265,5373.689,50400,0.583333333,0.00159708
01:00.0,6631.490161,256.733189,5374.371,50460,0.584027778,0.001598981
02:00.0,6632.081156,257.444284,5375.09,50520,0.584722222,0.001600882
03:00.0,6632.689263,258.374306,5375.829,50580,0.585416667,0.001602783
04:00.0,6633.302736,259.471657,5376.575,50640,0.586111111,0.001604685
05:00.0,6633.909106,260.673248,5377.312,50700,0.586805556,0.001606586
06:00.0,6634.49369,261.917412,5378.023,50760,0.5875,0.001608487
07:00.0,6635.040717,263.148985,5378.688,50820,0.588194444,0.001610389
08:00.0,6635.536035,264.323113,5379.291,50880,0.588888889,0.00161229
09:00.0,6635.968282,265.405879,5379.816,50940,0.589583333,0.001614191
10:00.0,6636.327636,266.370355,5380.253,51000,0.590277778,0.001616092
11:00.0,6636.604685,267.192762,5380.59,51060,0.590972222,0.001617994
12:00.0,6636.791457,267.853156,5380.817,51120,0.591666667,0.001619895
13:00.0,6636.883118,268.338253,5380.929,51180,0.592361111,0.001621796
14:00.0,6636.877819,268.641184,5380.922,51240,0.593055556,0.001623698
15:00.0,6636.775086,268.758309,5380.797,51300,0.59375,0.001625599
16:00.0,6636.575312,268.687853,5380.554,51360,0.594444444,0.0016275
17:00.0,6636.28078,268.431636,5380.196,51420,0.595138889,0.001629401
18:00.0,6635.895794,267.995447,5379.728,51480,0.595833333,0.001631303
19:00.0,6635.42495,267.385708,5379.155,51540,0.596527778,0.001633204
20:00.0,6634.87225,266.607237,5378.483,51600,0.597222222,0.001635105
21:00.0,6634.243439,265.667156,5377.719,51660,0.597916667,0.001637007
22:00.0,6633.54965,264.582075,5376.875,51720,0.598611111,0.001638908
23:00.0,6632.807094,263.378496,5375.972,51780,0.599305556,0.001640809
24:00.0,6632.033006,262.085825,5375.031,51840,0.6,0.00164271
25:00.0,6631.242266,260.729668,5374.07,51900,0.600694444,0.001644612
26:00.0,6630.448255,259.332759,5373.105,51960,0.601388889,0.001646513
27:00.0,6629.665695,257.920354,5372.154,52020,0.602083333,0.001648414
28:00.0,6628.910946,256.52172,5371.236,52080,0.602777778,0.001650316
29:00.0,6628.199268,255.165865,5370.371,52140,0.603472222,0.001652217
30:00.0,6627.542539,253.877628,5369.573,52200,0.604166667,0.001654118
31:00.0,6626.94958,252.678752,5368.853,52260,0.604861111,0.001656019
32:00.0,6626.427459,251.591801,5368.218,52320,0.605555556,0.001657921
33:00.0,6625.981933,250.643601,5367.677,52380,0.60625,0.001659822
34:00.0,6625.617765,249.869164,5367.234,52440,0.606944444,0.001661723
35:00.0,6625.340061,249.315227,5366.897,52500,0.607638889,0.001663625
36:00.0,6625.155146,249.029708,5366.672,52560,0.608333333,0.001665526
37:00.0,6625.068884,249.027667,5366.567,52620,0.609027778,0.001667427
38:00.0,6625.083519,249.272885,5366.585,52680,0.609722222,0.001669328
39:00.0,6625.196511,249.706225,5366.722,52740,0.610416667,0.00167123
40:00.0,6625.402405,250.277721,5366.973,52800,0.611111111,0.001673131
41:00.0,6625.694992,250.953927,5367.328,52860,0.611805556,0.001675032
42:00.0,6626.067317,251.711823,5367.78,52920,0.6125,0.001676934
43:00.0,6626.51055,252.532173,5368.319,52980,0.613194444,0.001678835
44:00.0,6627.013888,253.396805,5368.931,53040,0.613888889,0.001680736
45:00.0,6627.56532,254.288127,5369.601,53100,0.614583333,0.001682637
46:00.0,6628.15182,255.188276,5370.314,53160,0.615277778,0.001684539
47:00.0,6628.759302,256.078528,5371.052,53220,0.615972222,0.00168644
48:00.0,6629.373696,256.940655,5371.799,53280,0.616666667,0.001688341
49:00.0,6629.982297,257.758355,5372.538,53340,0.617361111,0.001690243
50:00.0,6630.572955,258.515233,5373.256,53400,0.618055556,0.001692144
51:00.0,6631.131508,259.190823,5373.935,53460,0.61875,0.001694045
52:00.0,6631.64144,259.761045,5374.555,53520,0.619444444,0.001695946
53:00.0,6632.087673,260.205157,5375.098,53580,0.620138889,0.001697848
54:00.0,6632.460777,260.512257,5375.551,53640,0.620833333,0.001699749
55:00.0,6632.756787,260.679928,5375.911,53700,0.621527778,0.00170165
56:00.0,6632.973456,260.707598,5376.175,53760,0.622222222,0.001703552
57:00.0,6633.107945,260.593273,5376.338,53820,0.622916667,0.001705453
58:00.0,6633.158001,260.336185,5376.399,53880,0.623611111,0.001707354
59:00.0,6633.122833,259.938189,5376.356,53940,0.624305556,0.001709255
00:00.0,6633.001261,259.400232,5376.208,54000,0.625,0.001711157
01:00.0,6632.790313,258.720249,5375.952,54060,0.625694444,0.001713058
02:00.0,6632.486575,257.896286,5375.583,54120,0.626388889,0.001714959
03:00.0,6632.091143,256.936324,5375.102,54180,0.627083333,0.001716861
04:00.0,6631.610521,255.861606,5374.518,54240,0.627777778,0.001718762
05:00.0,6631.053977,254.708109,5373.841,54300,0.628472222,0.001720663
06:00.0,6630.431333,253.546605,5373.084,54360,0.629166667,0.001722564
07:00.0,6629.753863,252.563688,5372.261,54420,0.629861111,0.001724466
08:00.0,6629.035607,252.017163,5371.388,54480,0.630555556,0.001726367
09:00.0,6628.291816,251.77472,5370.484,54540,0.63125,0.001728268
10:00.0,6627.536012,251.622781,5369.565,54600,0.631944444,0.00173017
11:00.0,6626.779322,251.487651,5368.646,54660,0.632638889,0.001732071
12:00.0,6626.032211,251.34713,5367.738,54720,0.633333333,0.001733972
13:00.0,6625.305572,251.194135,5366.855,54780,0.634027778,0.001735873
14:00.0,6624.610125,251.026882,5366.01,54840,0.634722222,0.001737775
15:00.0,6623.956304,250.845674,5365.215,54900,0.635416667,0.001739676
16:00.0,6623.355485,250.652013,5364.486,54960,0.636111111,0.001741577
17:00.0,6622.820223,250.448527,5363.835,55020,0.636805556,0.001743479
18:00.0,6622.362034,250.238604,5363.279,55080,0.6375,0.00174538
19:00.0,6621.989261,250.025673,5362.826,55140,0.638194444,0.001747281
20:00.0,6621.707752,249.812953,5362.484,55200,0.638888889,0.001749182
21:00.0,6621.522755,249.604021,5362.259,55260,0.639583333,0.001751084
22:00.0,6621.438383,249.403409,5362.157,55320,0.640277778,0.001752985
23:00.0,6621.45488,249.216492,5362.177,55380,0.640972222,0.001754886
24:00.0,6621.567639,249.049138,5362.314,55440,0.641666667,0.001756788
25:00.0,6621.769576,248.90835,5362.559,55500,0.642361111,0.001758689
26:00.0,6622.053719,248.804334,5362.904,55560,0.643055556,0.00176059
27:00.0,6622.413044,248.753232,5363.341,55620,0.64375,0.001762491
28:00.0,6622.838963,248.779795,5363.858,55680,0.644444444,0.001764393
29:00.0,6623.321331,248.919796,5364.444,55740,0.645138889,0.001766294
30:00.0,6623.849595,249.219802,5365.086,55800,0.645833333,0.001768195
31:00.0,6624.412659,249.726258,5365.77,55860,0.646527778,0.001770097
32:00.0,6624.997567,250.45945,5366.481,55920,0.647222222,0.001771998
33:00.0,6625.589572,251.393531,5367.2,55980,0.647916667,0.001773899
34:00.0,6626.174157,252.468953,5367.91,56040,0.648611111,0.0017758
35:00.0,6626.7385,253.620752,5368.596,56100,0.649305556,0.001777702
36:00.0,6627.27085,254.793271,5369.243,56160,0.65,0.001779603
37:00.0,6627.759521,255.940838,5369.837,56220,0.650694444,0.001781504
38:00.0,6628.193311,257.026096,5370.364,56280,0.651388889,0.001783406
39:00.0,6628.56225,258.019077,5370.812,56340,0.652083333,0.001785307
40:00.0,6628.857036,258.894568,5371.171,56400,0.652777778,0.001787208
41:00.0,6629.06823,259.629133,5371.427,56460,0.653472222,0.001789109
42:00.0,6629.187231,260.201736,5371.572,56520,0.654166667,0.001791011
43:00.0,6629.208232,260.596997,5371.598,56580,0.654861111,0.001792912
44:00.0,6629.128591,260.806002,5371.501,56640,0.655555556,0.001794813
45:00.0,6628.947582,260.823903,5371.281,56700,0.65625,0.001796715
46:00.0,6628.666202,260.649106,5370.939,56760,0.656944444,0.001798616
47:00.0,6628.288688,260.285921,5370.48,56820,0.657638889,0.001800517
48:00.0,6627.822904,259.745652,5369.914,56880,0.658333333,0.001802418
49:00.0,6627.277998,259.042536,5369.252,56940,0.659027778,0.00180432
50:00.0,6626.662185,258.189159,5368.503,57000,0.659722222,0.001806221
51:00.0,6625.984052,257.198186,5367.679,57060,0.660416667,0.001808122
52:00.0,6625.255541,256.087935,5366.794,57120,0.661111111,0.001810024
53:00.0,6624.491987,254.883365,5365.866,57180,0.661805556,0.001811925
54:00.0,6623.70865,253.610318,5364.915,57240,0.6625,0.001813826
55:00.0,6622.917666,252.289507,5363.954,57300,0.663194444,0.001815727
56:00.0,6622.128727,250.936836,5362.995,57360,0.663888889,0.001817629
57:00.0,6621.352042,249.56845,5362.052,57420,0.664583333,0.00181953
58:00.0,6620.600198,248.204647,5361.138,57480,0.665277778,0.001821431
59:00.0,6619.887912,246.87038,5360.273,57540,0.665972222,0.001823333
00:00.0,6619.230726,245.594007,5359.475,57600,0.666666667,0.001825234
01:00.0,6618.64336,244.405689,5358.762,57660,0.667361111,0.001827135
02:00.0,6618.137978,243.336116,5358.148,57720,0.668055556,0.001829036
03:00.0,6617.723211,242.417285,5357.644,57780,0.66875,0.001830938
04:00.0,6617.404423,241.686134,5357.257,57840,0.669444444,0.001832839
05:00.0,6617.184161,241.185772,5356.99,57900,0.670138889,0.00183474
06:00.0,6617.061906,240.952696,5356.841,57960,0.670833333,0.001836642
07:00.0,6617.034391,240.990602,5356.808,58020,0.671527778,0.001838543
08:00.0,6617.097892,241.264236,5356.885,58080,0.672222222,0.001840444
09:00.0,6617.250699,241.726212,5357.071,58140,0.672916667,0.001842345
10:00.0,6617.492432,242.337841,5357.364,58200,0.673611111,0.001844247
11:00.0,6617.820385,243.068647,5357.762,58260,0.674305556,0.001846148
12:00.0,6618.227114,243.891117,5358.256,58320,0.675,0.001848049
13:00.0,6618.701619,244.780009,5358.833,58380,0.675694444,0.001849951
14:00.0,6619.231411,245.712586,5359.476,58440,0.676388889,0.001851852
15:00.0,6619.802363,246.665959,5360.169,58500,0.677083333,0.001853753
16:00.0,6620.397893,247.61492,5360.893,58560,0.677777778,0.001855654
17:00.0,6621.000809,248.534781,5361.625,58620,0.678472222,0.001857556
18:00.0,6621.59678,249.40628,5362.349,58680,0.679166667,0.001859457
19:00.0,6622.175059,250.215489,5363.051,58740,0.679861111,0.001861358
20:00.0,6622.725502,250.94832,5363.72,58800,0.680555556,0.00186326
21:00.0,6623.236033,251.586884,5364.34,58860,0.68125,0.001865161
22:00.0,6623.693562,252.11183,5364.896,58920,0.681944444,0.001867062
23:00.0,6624.086209,252.506208,5365.373,58980,0.682638889,0.001868963
24:00.0,6624.403724,252.755856,5365.759,59040,0.683333333,0.001870865
25:00.0,6624.636893,252.848389,5366.042,59100,0.684027778,0.001872766
26:00.0,6624.778326,252.774779,5366.214,59160,0.684722222,0.001874667
27:00.0,6624.823774,252.531562,5366.269,59220,0.685416667,0.001876569
28:00.0,6624.771894,252.120103,5366.206,59280,0.686111111,0.00187847
29:00.0,6624.62255,251.54363,5366.025,59340,0.686805556,0.001880371
30:00.0,6624.3774,250.808682,5365.727,59400,0.6875,0.001882272
31:00.0,6624.041818,249.928791,5365.319,59460,0.688194444,0.001884174
32:00.0,6623.624226,248.923318,5364.812,59520,0.688888889,0.001886075
33:00.0,6623.132257,247.811369,5364.214,59580,0.689583333,0.001887976
34:00.0,6622.570858,246.611578,5363.532,59640,0.690277778,0.001889878
35:00.0,6621.945471,245.358227,5362.773,59700,0.690972222,0.001891779
36:00.0,6621.265748,244.150879,5361.947,59760,0.691666667,0.00189368
37:00.0,6620.543866,243.277917,5361.07,59820,0.692361111,0.001895581
38:00.0,6619.789622,242.90701,5360.154,59880,0.693055556,0.001897483
39:00.0,6619.01006,242.73701,5359.207,59940,0.69375,0.001899384
40:00.0,6618.215258,242.606615,5358.242,60000,0.694444444,0.001901285
41:00.0,6617.422729,242.474805,5357.279,60060,0.695138889,0.001903187
42:00.0,6616.654133,242.332055,5356.346,60120,0.695833333,0.001905088
43:00.0,6615.927998,242.17777,5355.464,60180,0.696527778,0.001906989
44:00.0,6615.256359,242.013441,5354.649,60240,0.697222222,0.00190889
45:00.0,6614.646919,241.840693,5353.909,60300,0.697916667,0.001910792
46:00.0,6614.105794,241.661145,5353.252,60360,0.698611111,0.001912693
47:00.0,6613.637915,241.47642,5352.684,60420,0.699305556,0.001914594
48:00.0,6613.247234,241.288027,5352.21,60480,0.7,0.001916496
49:00.0,6612.938271,241.097651,5351.835,60540,0.700694444,0.001918397
50:00.0,6612.71666,240.907758,5351.566,60600,0.701388889,0.001920298
51:00.0,6612.586988,240.721746,5351.408,60660,0.702083333,0.001922199
52:00.0,6612.550705,240.543551,5351.364,60720,0.702777778,0.001924101
53:00.0,6612.607081,240.377699,5351.433,60780,0.703472222,0.001926002
54:00.0,6612.755258,240.230485,5351.612,60840,0.704166667,0.001927903
55:00.0,6612.993378,240.111636,5351.902,60900,0.704861111,0.001929805
56:00.0,6613.31541,240.03548,5352.292,60960,0.705555556,0.001931706
57:00.0,6613.71043,240.021984,5352.772,61020,0.70625,0.001933607
58:00.0,6614.165899,240.099129,5353.325,61080,0.706944444,0.001935508
59:00.0,6614.670792,240.306059,5353.938,61140,0.707638889,0.00193741
00:00.0,6615.214754,240.690395,5354.598,61200,0.708333333,0.001939311
01:00.0,6615.785144,241.289832,5355.291,61260,0.709027778,0.001941212
02:00.0,6616.366317,242.104402,5355.997,61320,0.709722222,0.001943114
03:00.0,6616.941885,243.089809,5356.696,61380,0.710416667,0.001945015
04:00.0,6617.497005,244.180435,5357.37,61440,0.711111111,0.001946916
05:00.0,6618.018781,245.313324,5358.003,61500,0.711805556,0.001948817
06:00.0,6618.495672,246.43691,5358.582,61560,0.7125,0.001950719
07:00.0,6618.917098,247.510554,5359.094,61620,0.713194444,0.00195262
08:00.0,6619.273026,248.501418,5359.527,61680,0.713888889,0.001954521
09:00.0,6619.553513,249.381185,5359.867,61740,0.714583333,0.001956423
10:00.0,6619.749141,250.124867,5360.105,61800,0.715277778,0.001958324
11:00.0,6619.852417,250.712288,5360.23,61860,0.715972222,0.001960225
12:00.0,6619.858682,251.129442,5360.238,61920,0.716666667,0.001962126
13:00.0,6619.765623,251.367525,5360.125,61980,0.717361111,0.001964028
14:00.0,6619.572577,251.421333,5359.89,62040,0.718055556,0.001965929
15:00.0,6619.280916,251.289604,5359.536,62100,0.71875,0.00196783
16:00.0,6618.894639,250.976114,5359.067,62160,0.719444444,0.001969732
17:00.0,6618.419636,250.488504,5358.49,62220,0.720138889,0.001971633
18:00.0,6617.862203,249.835419,5357.813,62280,0.720833333,0.001973534
19:00.0,6617.228974,249.025837,5357.044,62340,0.721527778,0.001975435
20:00.0,6616.528725,248.07197,5356.194,62400,0.722222222,0.001977337
21:00.0,6615.773967,246.992368,5355.277,62460,0.722916667,0.001979238
22:00.0,6614.979904,245.810654,5354.313,62520,0.723611111,0.001981139
23:00.0,6614.162059,244.55159,5353.32,62580,0.724305556,0.001983041
24:00.0,6613.334638,243.237951,5352.316,62640,0.725,0.001984942
25:00.0,6612.510911,241.890802,5351.316,62700,0.725694444,0.001986843
26:00.0,6611.704651,240.532023,5350.337,62760,0.726388889,0.001988744
27:00.0,6610.930614,239.185717,5349.398,62820,0.727083333,0.001990646
28:00.0,6610.202873,237.876116,5348.514,62880,0.727777778,0.001992547
29:00.0,6609.532108,236.623169,5347.7,62940,0.728472222,0.001994448
30:00.0,6608.924718,235.440553,5346.963,63000,0.729166667,0.00199635
31:00.0,6608.385403,234.339921,5346.309,63060,0.729861111,0.001998251
32:00.0,6607.921014,233.339257,5345.745,63120,0.730555556,0.002000152
33:00.0,6607.541445,232.468577,5345.284,63180,0.73125,0.002002053
34:00.0,6607.256537,231.769309,5344.939,63240,0.731944444,0.002003955
35:00.0,6607.072592,231.289564,5344.716,63300,0.732638889,0.002005856
36:00.0,6606.992029,231.074343,5344.618,63360,0.733333333,0.002007757
37:00.0,6607.014894,231.14422,5344.646,63420,0.734027778,0.002009659
38:00.0,6607.138652,231.476331,5344.796,63480,0.734722222,0.00201156
39:00.0,6607.356267,232.015273,5345.06,63540,0.735416667,0.002013461
40:00.0,6607.656353,232.701397,5345.424,63600,0.736111111,0.002015362
41:00.0,6608.026918,233.489272,5345.874,63660,0.736805556,0.002017264
42:00.0,6608.459006,234.351161,5346.398,63720,0.7375,0.002019165
43:00.0,6608.946077,235.269816,5346.989,63780,0.738194444,0.002021066
44:00.0,6609.480039,236.22803,5347.637,63840,0.738888889,0.002022968
45:00.0,6610.048448,237.203003,5348.327,63900,0.739583333,0.002024869
46:00.0,6610.635207,238.167651,5349.039,63960,0.740277778,0.00202677
47:00.0,6611.223083,239.094583,5349.753,64020,0.740972222,0.002028671
48:00.0,6611.795443,239.958313,5350.447,64080,0.741666667,0.002030573
49:00.0,6612.336581,240.735149,5351.104,64140,0.742361111,0.002032474
50:00.0,6612.831579,241.402699,5351.705,64200,0.743055556,0.002034375
51:00.0,6613.266869,241.940965,5352.234,64260,0.74375,0.002036277
52:00.0,6613.631804,242.335306,5352.677,64320,0.744444444,0.002038178
53:00.0,6613.919961,242.578582,5353.026,64380,0.745138889,0.002040079
54:00.0,6614.127859,242.668438,5353.279,64440,0.745833333,0.00204198
55:00.0,6614.251156,242.600352,5353.428,64500,0.746527778,0.002043882
56:00.0,6614.282441,242.364247,5353.466,64560,0.747222222,0.002045783
57:00.0,6614.214687,241.951437,5353.384,64620,0.747916667,0.002047684
58:00.0,6614.046702,241.364378,5353.18,64680,0.748611111,0.002049586
59:00.0,6613.783539,240.616559,5352.861,64740,0.749305556,0.002051487
00:00.0,6613.430346,239.720964,5352.432,64800,0.75,0.002053388
01:00.0,6612.98795,238.682999,5351.895,64860,0.750694444,0.002055289
02:00.0,6612.457089,237.510067,5351.25,64920,0.751388889,0.002057191
03:00.0,6611.845935,236.227917,5350.509,64980,0.752083333,0.002059092
04:00.0,6611.169904,234.887768,5349.688,65040,0.752777778,0.002060993
05:00.0,6610.443284,233.581661,5348.806,65100,0.753472222,0.002062895
06:00.0,6609.674168,232.531831,5347.873,65160,0.754166667,0.002064796
07:00.0,6608.869568,231.984821,5346.896,65220,0.754861111,0.002066697
08:00.0,6608.042558,231.734929,5345.893,65280,0.755555556,0.002068598
09:00.0,6607.210394,231.569062,5344.883,65340,0.75625,0.0020705
10:00.0,6606.38634,231.420747,5343.883,65400,0.756944444,0.002072401
11:00.0,6605.577735,231.268746,5342.902,65460,0.757638889,0.002074302
12:00.0,6604.793694,231.104733,5341.951,65520,0.758333333,0.002076204
13:00.0,6604.051492,230.927069,5341.05,65580,0.759027778,0.002078105
14:00.0,6603.372403,230.738681,5340.226,65640,0.759722222,0.002080006
15:00.0,6602.77243,230.544033,5339.499,65700,0.760416667,0.002081907
16:00.0,6602.259326,230.346602,5338.876,65760,0.761111111,0.002083809
17:00.0,6601.837188,230.148622,5338.364,65820,0.761805556,0.00208571
18:00.0,6601.510098,229.952256,5337.967,65880,0.7625,0.002087611
19:00.0,6601.280278,229.760193,5337.689,65940,0.763194444,0.002089513
20:00.0,6601.14557,229.575197,5337.525,66000,0.763888889,0.002091414
21:00.0,6601.101117,229.399882,5337.471,66060,0.764583333,0.002093315
22:00.0,6601.142739,229.23752,5337.522,66120,0.765277778,0.002095216
23:00.0,6601.267335,229.093241,5337.673,66180,0.765972222,0.002097118
24:00.0,6601.47099,228.974791,5337.92,66240,0.766666667,0.002099019
25:00.0,6601.748462,228.893392,5338.257,66300,0.767361111,0.00210092
26:00.0,6602.094157,228.865722,5338.676,66360,0.768055556,0.002102822
27:00.0,6602.501737,228.916616,5339.17,66420,0.76875,0.002104723
28:00.0,6602.962221,229.080117,5339.729,66480,0.769444444,0.002106624
29:00.0,6603.463528,229.395629,5340.337,66540,0.770138889,0.002108525
30:00.0,6603.992187,229.896665,5340.978,66600,0.770833333,0.002110427
31:00.0,6604.534595,230.594409,5341.636,66660,0.771527778,0.002112328
32:00.0,6605.076435,231.466851,5342.294,66720,0.772222222,0.002114229
33:00.0,6605.602252,232.464189,5342.932,66780,0.772916667,0.002116131
34:00.0,6606.096659,233.526084,5343.531,66840,0.773611111,0.002118032
35:00.0,6606.545628,234.596288,5344.076,66900,0.774305556,0.002119933
36:00.0,6606.936429,235.62748,5344.55,66960,0.775,0.002121834
37:00.0,6607.257552,236.580816,5344.94,67020,0.775694444,0.002123736
38:00.0,6607.499728,237.426154,5345.234,67080,0.776388889,0.002125637
39:00.0,6607.656214,238.141617,5345.424,67140,0.777083333,0.002127538
40:00.0,6607.720848,238.709262,5345.502,67200,0.777777778,0.00212944
41:00.0,6607.686465,239.110692,5345.46,67260,0.778472222,0.002131341
42:00.0,6607.546941,239.329262,5345.291,67320,0.779166667,0.002133242
43:00.0,6607.300882,239.356647,5344.993,67380,0.779861111,0.002135143
44:00.0,6606.95194,239.194417,5344.569,67440,0.780555556,0.002137045
45:00.0,6606.505489,238.848421,5344.027,67500,0.78125,0.002138946
46:00.0,6605.966824,238.324694,5343.374,67560,0.781944444,0.002140847
47:00.0,6605.343331,237.632543,5342.617,67620,0.782638889,0.002142748
48:00.0,6604.646373,236.788355,5341.772,67680,0.783333333,0.00214465
49:00.0,6603.88907,235.812452,5340.853,67740,0.784027778,0.002146551
50:00.0,6603.083042,234.722947,5339.875,67800,0.784722222,0.002148452
51:00.0,6602.238757,233.53524,5338.851,67860,0.785416667,0.002150354
52:00.0,6601.368878,232.267591,5337.796,67920,0.786111111,0.002152255
53:00.0,6600.488923,230.943256,5336.729,67980,0.786805556,0.002154156
54:00.0,6599.614382,229.586197,5335.668,68040,0.7875,0.002156057
55:00.0,6598.758834,228.217429,5334.631,68100,0.788194444,0.002157959
56:00.0,6597.93526,226.856759,5333.632,68160,0.788888889,0.00215986
57:00.0,6597.157149,225.525203,5332.689,68220,0.789583333,0.002161761
58:00.0,6596.436881,224.24315,5331.815,68280,0.790277778,0.002163663
59:00.0,6595.78424,223.027923,5331.024,68340,0.790972222,0.002165564
00:00.0,6595.207787,221.896106,5330.325,68400,0.791666667,0.002167465
01:00.0,6594.716296,220.867437,5329.729,68460,0.792361111,0.002169366
02:00.0,6594.316555,219.963517,5329.245,68520,0.793055556,0.002171268
03:00.0,6594.010107,219.203326,5328.873,68580,0.79375,0.002173169
04:00.0,6593.794465,218.604838,5328.612,68640,0.794444444,0.00217507
05:00.0,6593.668224,218.194016,5328.459,68700,0.795138889,0.002176972
06:00.0,6593.633467,218.007064,5328.417,68760,0.795833333,0.002178873
07:00.0,6593.692679,218.072337,5328.489,68820,0.796527778,0.002180774
08:00.0,6593.844972,218.386213,5328.673,68880,0.797222222,0.002182675
09:00.0,6594.086044,218.913977,5328.965,68940,0.797916667,0.002184577
10:00.0,6594.409447,219.610099,5329.357,69000,0.798611111,0.002186478
11:00.0,6594.805306,220.429168,5329.837,69060,0.799305556,0.002188379
12:00.0,6595.25851,221.326189,5330.387,69120,0.8,0.002190281
13:00.0,6595.750975,222.25987,5330.984,69180,0.800694444,0.002192182
14:00.0,6596.266771,223.19913,5331.609,69240,0.801388889,0.002194083
15:00.0,6596.793993,224.123092,5332.248,69300,0.802083333,0.002195984
16:00.0,6597.321393,225.012808,5332.888,69360,0.802777778,0.002197886
17:00.0,6597.834747,225.844414,5333.51,69420,0.803472222,0.002199787
18:00.0,6598.317506,226.590744,5334.096,69480,0.804166667,0.002201688
19:00.0,6598.75406,227.227171,5334.625,69540,0.804861111,0.00220359
20:00.0,6599.13152,227.73429,5335.083,69600,0.805555556,0.002205491
21:00.0,6599.439254,228.096693,5335.456,69660,0.80625,0.002207392
22:00.0,6599.667925,228.301236,5335.733,69720,0.806944444,0.002209293
23:00.0,6599.808894,228.336072,5335.904,69780,0.807638889,0.002211195
24:00.0,6599.854185,228.190758,5335.959,69840,0.808333333,0.002213096
25:00.0,6599.797972,227.859176,5335.891,69900,0.809027778,0.002214997
26:00.0,6599.639415,227.344772,5335.699,69960,0.809722222,0.002216899
27:00.0,6599.382912,226.660776,5335.388,70020,0.810416667,0.0022188
28:00.0,6599.03418,225.822899,5334.965,70080,0.811111111,0.002220701
29:00.0,6598.596298,224.84267,5334.434,70140,0.811805556,0.002222602
30:00.0,6598.071026,223.73136,5333.797,70200,0.8125,0.002224504
31:00.0,6597.46346,222.511174,5333.06,70260,0.813194444,0.002226405
32:00.0,6596.782739,221.222344,5332.235,70320,0.813888889,0.002228306
33:00.0,6596.037568,219.929759,5331.331,70380,0.814583333,0.002230208
34:00.0,6595.234135,218.749884,5330.357,70440,0.815277778,0.002232109
35:00.0,6594.380953,217.853478,5329.323,70500,0.815972222,0.00223401
36:00.0,6593.493668,217.291404,5328.247,70560,0.816666667,0.002235911
37:00.0,6592.591254,216.934266,5327.153,70620,0.817361111,0.002237813
38:00.0,6591.687449,216.665496,5326.058,70680,0.818055556,0.002239714
39:00.0,6590.789399,216.428195,5324.97,70740,0.81875,0.002241615
40:00.0,6589.905794,216.196913,5323.899,70800,0.819444444,0.002243517
41:00.0,6589.052996,215.961824,5322.865,70860,0.820138889,0.002245418
42:00.0,6588.250344,215.721305,5321.893,70920,0.820833333,0.002247319
43:00.0,6587.511323,215.476367,5320.997,70980,0.821527778,0.00224922
44:00.0,6586.842619,215.227509,5320.187,71040,0.822222222,0.002251122
45:00.0,6586.251137,214.975101,5319.471,71100,0.822916667,0.002253023
46:00.0,6585.748051,214.721244,5318.861,71160,0.823611111,0.002254924
47:00.0,6585.344555,214.470089,5318.372,71220,0.824305556,0.002256826
48:00.0,6585.046106,214.226328,5318.011,71280,0.825,0.002258727
49:00.0,6584.852574,213.994108,5317.776,71340,0.825694444,0.002260628
50:00.0,6584.761973,213.777703,5317.667,71400,0.826388889,0.002262529
51:00.0,6584.771218,213.582876,5317.678,71460,0.827083333,0.002264431
52:00.0,6584.873654,213.417365,5317.802,71520,0.827777778,0.002266332
53:00.0,6585.058398,213.290723,5318.026,71580,0.828472222,0.002268233
54:00.0,6585.312997,213.214813,5318.334,71640,0.829166667,0.002270135
55:00.0,6585.625804,213.205103,5318.713,71700,0.829861111,0.002272036
56:00.0,6585.985922,213.281211,5319.149,71760,0.830555556,0.002273937
57:00.0,6586.382813,213.465622,5319.63,71820,0.83125,0.002275838
58:00.0,6586.806985,213.780831,5320.144,71880,0.831944444,0.00227774
59:00.0,6587.249712,214.244351,5320.68,71940,0.832638889,0.002279641
00:00.0,6587.700604,214.860289,5321.227,72000,0.833333333,0.002281542
01:00.0,6588.145843,215.611381,5321.766,72060,0.834027778,0.002283444
02:00.0,6588.569823,216.460432,5322.28,72120,0.834722222,0.002285345
03:00.0,6588.958168,217.361538,5322.75,72180,0.835416667,0.002287246
04:00.0,6589.298321,218.269944,5323.163,72240,0.836111111,0.002289147
05:00.0,6589.577929,219.144196,5323.501,72300,0.836805556,0.002291049
06:00.0,6589.784441,219.945846,5323.752,72360,0.8375,0.00229295
07:00.0,6589.906898,220.641775,5323.9,72420,0.838194444,0.002294851
08:00.0,6589.937303,221.206495,5323.937,72480,0.838888889,0.002296753
09:00.0,6589.869967,221.621029,5323.855,72540,0.839583333,0.002298654
10:00.0,6589.700573,221.870643,5323.65,72600,0.840277778,0.002300555
11:00.0,6589.426478,221.944692,5323.318,72660,0.840972222,0.002302456
12:00.0,6589.047171,221.837261,5322.858,72720,0.841666667,0.002304358
13:00.0,6588.563766,221.546222,5322.273,72780,0.842361111,0.002306259
14:00.0,6587.978833,221.072386,5321.564,72840,0.843055556,0.00230816
15:00.0,6587.297768,220.421242,5320.739,72900,0.84375,0.002310062
16:00.0,6586.530009,219.605086,5319.808,72960,0.844444444,0.002311963
17:00.0,6585.68787,218.641492,5318.788,73020,0.845138889,0.002313864
18:00.0,6584.784426,217.549653,5317.694,73080,0.845833333,0.002315765
19:00.0,6583.832885,216.348748,5316.541,73140,0.846527778,0.002317667
20:00.0,6582.847685,215.059516,5315.348,73200,0.847222222,0.002319568
21:00.0,6581.844624,213.704785,5314.133,73260,0.847916667,0.002321469
22:00.0,6580.839224,212.30703,5312.915,73320,0.848611111,0.002323371
23:00.0,6579.845782,210.886528,5311.712,73380,0.849305556,0.002325272
24:00.0,6578.878213,209.462563,5310.541,73440,0.85,0.002327173
25:00.0,6577.950472,208.054654,5309.418,73500,0.850694444,0.002329074
26:00.0,6577.07501,206.680793,5308.358,73560,0.851388889,0.002330976
27:00.0,6576.261487,205.355279,5307.373,73620,0.852083333,0.002332877
28:00.0,6575.518006,204.090233,5306.473,73680,0.852777778,0.002334778
29:00.0,6574.852976,202.899082,5305.668,73740,0.853472222,0.00233668
30:00.0,6574.274356,201.796875,5304.967,73800,0.854166667,0.002338581
31:00.0,6573.787279,200.797411,5304.378,73860,0.854861111,0.002340482
32:00.0,6573.393933,199.912766,5303.902,73920,0.855555556,0.002342383
33:00.0,6573.095908,199.157442,5303.541,73980,0.85625,0.002344285
34:00.0,6572.894721,198.551559,5303.298,74040,0.856944444,0.002346186
35:00.0,6572.788817,198.11736,5303.169,74100,0.857638889,0.002348087
36:00.0,6572.771355,197.871628,5303.148,74160,0.858333333,0.002349989
37:00.0,6572.832721,197.821562,5303.223,74220,0.859027778,0.00235189
38:00.0,6572.964934,197.965359,5303.383,74280,0.859722222,0.002353791
39:00.0,6573.16218,198.290953,5303.621,74340,0.860416667,0.002355692
40:00.0,6573.417289,198.77193,5303.93,74400,0.861111111,0.002357594
41:00.0,6573.719518,199.369507,5304.296,74460,0.861805556,0.002359495
42:00.0,6574.056206,200.042486,5304.703,74520,0.8625,0.002361396
43:00.0,6574.414697,200.75446,5305.137,74580,0.863194444,0.002363298
44:00.0,6574.781075,201.471408,5305.581,74640,0.863888889,0.002365199
45:00.0,6575.138122,202.156719,5306.013,74700,0.864583333,0.0023671
46:00.0,6575.466808,202.773344,5306.411,74760,0.865277778,0.002369001
47:00.0,6575.750487,203.291241,5306.754,74820,0.865972222,0.002370903
48:00.0,6575.976855,203.690321,5307.028,74880,0.866666667,0.002372804
49:00.0,6576.135758,203.955566,5307.221,74940,0.867361111,0.002374705
50:00.0,6576.216351,204.071397,5307.318,75000,0.868055556,0.002376607
51:00.0,6576.207228,204.022086,5307.307,75060,0.86875,0.002378508
52:00.0,6576.098764,203.796482,5307.176,75120,0.869444444,0.002380409
53:00.0,6575.884828,203.391505,5306.917,75180,0.870138889,0.00238231
54:00.0,6575.562908,202.812777,5306.527,75240,0.870833333,0.002384212
55:00.0,6575.133925,202.075055,5306.008,75300,0.871527778,0.002386113
56:00.0,6574.60128,201.201697,5305.363,75360,0.872222222,0.002388014
57:00.0,6573.969608,200.22405,5304.599,75420,0.872916667,0.002389916
58:00.0,6573.244099,199.18188,5303.72,75480,0.873611111,0.002391817
59:00.0,6572.431641,198.125363,5302.737,75540,0.874305556,0.002393718
00:00.0,6571.542256,197.112327,5301.661,75600,0.875,0.002395619
01:00.0,6570.587874,196.19296,5300.506,75660,0.875694444,0.002397521
02:00.0,6569.57882,195.389503,5299.285,75720,0.876388889,0.002399422
03:00.0,6568.522514,194.691702,5298.007,75780,0.877083333,0.002401323
04:00.0,6567.427083,194.072335,5296.682,75840,0.877777778,0.002403225
05:00.0,6566.305956,193.505228,5295.325,75900,0.878472222,0.002405126
06:00.0,6565.177098,192.972719,5293.96,75960,0.879166667,0.002407027
07:00.0,6564.056597,192.463696,5292.605,76020,0.879861111,0.002408928
08:00.0,6562.953544,191.969045,5291.271,76080,0.880555556,0.00241083
09:00.0,6561.872154,191.479718,5289.963,76140,0.88125,0.002412731
10:00.0,6560.818904,190.988344,5288.689,76200,0.881944444,0.002414632
11:00.0,6559.807204,190.491816,5287.466,76260,0.882638889,0.002416534
12:00.0,6558.855449,189.992041,5286.315,76320,0.883333333,0.002418435
13:00.0,6557.981052,189.494292,5285.258,76380,0.884027778,0.002420336
14:00.0,6557.195625,189.00462,5284.309,76440,0.884722222,0.002422237
15:00.0,6556.503852,188.527858,5283.473,76500,0.885416667,0.002424139
16:00.0,6555.905603,188.06705,5282.75,76560,0.886111111,0.00242604
17:00.0,6555.399521,187.624481,5282.138,76620,0.886805556,0.002427941
18:00.0,6554.985814,187.203825,5281.638,76680,0.8875,0.002429843
19:00.0,6554.665912,186.811932,5281.251,76740,0.888194444,0.002431744
20:00.0,6554.439018,186.458685,5280.977,76800,0.888888889,0.002433645
21:00.0,6554.298952,186.155015,5280.808,76860,0.889583333,0.002435546
22:00.0,6554.234725,185.911151,5280.73,76920,0.890277778,0.002437448
23:00.0,6554.233757,185.736761,5280.729,76980,0.890972222,0.002439349
24:00.0,6554.283352,185.641658,5280.789,77040,0.891666667,0.00244125
25:00.0,6554.368952,185.634091,5280.892,77100,0.892361111,0.002443152
26:00.0,6554.472912,185.716651,5281.018,77160,0.893055556,0.002445053
27:00.0,6554.57717,185.884191,5281.144,77220,0.89375,0.002446954
28:00.0,6554.667195,186.12637,5281.253,77280,0.894444444,0.002448855
29:00.0,6554.731877,186.430485,5281.331,77340,0.895138889,0.002450757
30:00.0,6554.759256,186.779249,5281.364,77400,0.895833333,0.002452658
31:00.0,6554.733934,187.146725,5281.333,77460,0.896527778,0.002454559
32:00.0,6554.639895,187.500402,5281.22,77520,0.897222222,0.002456461
33:00.0,6554.464929,187.809189,5281.008,77580,0.897916667,0.002458362
34:00.0,6554.200709,188.048156,5280.689,77640,0.898611111,0.002460263
35:00.0,6553.838731,188.195394,5280.251,77700,0.899305556,0.002462164
36:00.0,6553.367774,188.227346,5279.682,77760,0.9,0.002464066
37:00.0,6552.775992,188.119874,5278.967,77820,0.900694444,0.002465967
38:00.0,6552.054528,187.853433,5278.095,77880,0.901388889,0.002467868
39:00.0,6551.198661,187.416056,5277.061,77940,0.902083333,0.00246977
40:00.0,6550.20681,186.802744,5275.863,78000,0.902777778,0.002471671
41:00.0,6549.079936,186.014477,5274.501,78060,0.903472222,0.002473572
42:00.0,6547.821426,185.057783,5272.981,78120,0.904166667,0.002475473
43:00.0,6546.43598,183.942791,5271.308,78180,0.904861111,0.002477375
44:00.0,6544.928414,182.680305,5269.487,78240,0.905555556,0.002479276
45:00.0,6543.30506,181.281843,5267.527,78300,0.90625,0.002481177
46:00.0,6541.577783,179.763842,5265.441,78360,0.906944444,0.002483079
47:00.0,6539.765667,178.15036,5263.253,78420,0.907638889,0.00248498
48:00.0,6537.891988,176.47015,5260.991,78480,0.908333333,0.002486881
49:00.0,6535.979019,174.750128,5258.683,78540,0.909027778,0.002488782
50:00.0,6534.045384,173.011161,5256.349,78600,0.909722222,0.002490684
51:00.0,6532.106735,171.268363,5254.01,78660,0.910416667,0.002492585
52:00.0,6530.176675,169.532939,5251.681,78720,0.911111111,0.002494486
53:00.0,6528.266151,167.812808,5249.377,78780,0.911805556,0.002496388
54:00.0,6526.382595,166.112577,5247.105,78840,0.9125,0.002498289
55:00.0,6524.531203,164.435441,5244.873,78900,0.913194444,0.00250019
56:00.0,6522.715404,162.784722,5242.683,78960,0.913888889,0.002502091
57:00.0,6520.934654,161.163079,5240.537,79020,0.914583333,0.002503993
58:00.0,6519.182592,159.570869,5238.425,79080,0.915277778,0.002505894
59:00.0,6517.447522,158.005555,5236.333,79140,0.915972222,0.002507795
00:00.0,6515.715305,156.463705,5234.246,79200,0.916666667,0.002509697
01:00.0,6513.970977,154.943302,5232.144,79260,0.917361111,0.002511598
02:00.0,6512.196755,153.443425,5230.007,79320,0.918055556,0.002513499
03:00.0,6510.3687,151.961726,5227.805,79380,0.91875,0.0025154
04:00.0,6508.455713,150.492833,5225.501,79440,0.919444444,0.002517302
05:00.0,6506.420751,149.02933,5223.05,79500,0.920138889,0.002519203
06:00.0,6504.220577,147.563392,5220.401,79560,0.920833333,0.002521104
07:00.0,6501.80168,146.086465,5217.489,79620,0.921527778,0.002523006
08:00.0,6499.094136,144.587152,5214.23,79680,0.922222222,0.002524907
09:00.0,6496.005936,143.049694,5210.514,79740,0.922916667,0.002526808
10:00.0,6492.416651,141.454226,5206.196,79800,0.923611111,0.002528709
11:00.0,6488.166074,139.777593,5201.085,79860,0.924305556,0.002530611
12:00.0,6483.033338,137.993206,5194.914,79920,0.925,0.002532512
13:00.0,6476.700517,136.069693,5187.304,79980,0.925694444,0.002534413
14:00.0,6468.684516,133.968051,5177.677,80040,0.926388889,0.002536315
15:00.0,6458.197244,131.63569,5165.091,80100,0.927083333,0.002538216
16:00.0,6443.690355,128.969806,5147.697,80160,0.927777778,0.002540117
17:00.0,6421.773007,125.795634,5121.456,80220,0.928472222,0.002542018
18:00.0,6385.223824,121.944903,5077.795,80280,0.929166667,0.00254392
19:00.0,6316.335695,117.236449,4995.843,80340,0.929861111,0.002545821
20:00.0,6162.062159,111.363418,4813.934,80400,0.930555556,0.002547722
21:00.0,5729.486316,103.63911,4316.031,80460,0.93125,0.002549624
21:41.0,4978.675266,96.373361,3496.083,80520,0.931944444,0.002551525
